variant,fold_id,test_season,transformed_feature,coefficient
combined,test_2022,2022,form_offense_ppa_diff,-0.018470298396323758
combined,test_2022,2022,form_offense_ppa_diff__missing,-0.0022972717783358385
combined,test_2022,2022,form_defense_ppa_diff,0.007053923186621412
combined,test_2022,2022,form_defense_ppa_diff__missing,-0.0022972717783358385
combined,test_2022,2022,form_offense_successRate_diff,0.006954120813345959
combined,test_2022,2022,form_offense_successRate_diff__missing,-0.0022972717783358385
combined,test_2022,2022,form_defense_successRate_diff,0.006918967756268215
combined,test_2022,2022,form_defense_successRate_diff__missing,-0.0022972717783358385
combined,test_2022,2022,form_offense_explosiveness_diff,-0.01210504598653533
combined,test_2022,2022,form_offense_explosiveness_diff__missing,-0.0022972717783358385
combined,test_2022,2022,form_defense_explosiveness_diff,0.01706350783942494
combined,test_2022,2022,form_defense_explosiveness_diff__missing,-0.0022972717783358385
combined,test_2022,2022,opening_coach_tenure_seasons_diff,-0.006198498838514698
combined,test_2022,2022,opening_coach_tenure_seasons_diff__missing,6.777628268525167e-05
combined,test_2022,2022,opening_first_year_coach_diff,-0.01807792006751309
combined,test_2022,2022,opening_first_year_coach_diff__missing,6.777628268525167e-05
family__coaching_context,test_2022,2022,opening_coach_tenure_seasons_diff,-0.006416068193688791
family__coaching_context,test_2022,2022,opening_coach_tenure_seasons_diff__missing,4.9027784626250104e-05
family__coaching_context,test_2022,2022,opening_first_year_coach_diff,-0.017736507661334357
family__coaching_context,test_2022,2022,opening_first_year_coach_diff__missing,4.9027784626250104e-05
family__team_form_efficiency,test_2022,2022,form_offense_ppa_diff,-0.018211023357405737
family__team_form_efficiency,test_2022,2022,form_offense_ppa_diff__missing,-0.002311089516753351
family__team_form_efficiency,test_2022,2022,form_defense_ppa_diff,0.007157330292794679
family__team_form_efficiency,test_2022,2022,form_defense_ppa_diff__missing,-0.002311089516753351
family__team_form_efficiency,test_2022,2022,form_offense_successRate_diff,0.007020695136727157
family__team_form_efficiency,test_2022,2022,form_offense_successRate_diff__missing,-0.002311089516753351
family__team_form_efficiency,test_2022,2022,form_defense_successRate_diff,0.006821036301902783
family__team_form_efficiency,test_2022,2022,form_defense_successRate_diff__missing,-0.002311089516753351
family__team_form_efficiency,test_2022,2022,form_offense_explosiveness_diff,-0.012193413793953643
family__team_form_efficiency,test_2022,2022,form_offense_explosiveness_diff__missing,-0.002311089516753351
family__team_form_efficiency,test_2022,2022,form_defense_explosiveness_diff,0.016938102471011792
family__team_form_efficiency,test_2022,2022,form_defense_explosiveness_diff__missing,-0.002311089516753351
lof__without_coaching_context,test_2022,2022,form_offense_ppa_diff,-0.018211023357405737
lof__without_coaching_context,test_2022,2022,form_offense_ppa_diff__missing,-0.002311089516753351
lof__without_coaching_context,test_2022,2022,form_defense_ppa_diff,0.007157330292794679
lof__without_coaching_context,test_2022,2022,form_defense_ppa_diff__missing,-0.002311089516753351
lof__without_coaching_context,test_2022,2022,form_offense_successRate_diff,0.007020695136727157
lof__without_coaching_context,test_2022,2022,form_offense_successRate_diff__missing,-0.002311089516753351
lof__without_coaching_context,test_2022,2022,form_defense_successRate_diff,0.006821036301902783
lof__without_coaching_context,test_2022,2022,form_defense_successRate_diff__missing,-0.002311089516753351
lof__without_coaching_context,test_2022,2022,form_offense_explosiveness_diff,-0.012193413793953643
lof__without_coaching_context,test_2022,2022,form_offense_explosiveness_diff__missing,-0.002311089516753351
lof__without_coaching_context,test_2022,2022,form_defense_explosiveness_diff,0.016938102471011792
lof__without_coaching_context,test_2022,2022,form_defense_explosiveness_diff__missing,-0.002311089516753351
lof__without_team_form_efficiency,test_2022,2022,opening_coach_tenure_seasons_diff,-0.006416068193688791
lof__without_team_form_efficiency,test_2022,2022,opening_coach_tenure_seasons_diff__missing,4.9027784626250104e-05
lof__without_team_form_efficiency,test_2022,2022,opening_first_year_coach_diff,-0.017736507661334357
lof__without_team_form_efficiency,test_2022,2022,opening_first_year_coach_diff__missing,4.9027784626250104e-05
single__coaching_context__opening_coach_tenure_seasons_diff,test_2022,2022,opening_coach_tenure_seasons_diff,-0.0055711787218393665
single__coaching_context__opening_coach_tenure_seasons_diff,test_2022,2022,opening_coach_tenure_seasons_diff__missing,5.0798985798746206e-05
single__coaching_context__opening_first_year_coach_diff,test_2022,2022,opening_first_year_coach_diff,-0.01742954545964949
single__coaching_context__opening_first_year_coach_diff,test_2022,2022,opening_first_year_coach_diff__missing,4.9049253162420224e-05
single__team_form_efficiency__form_defense_explosiveness_diff,test_2022,2022,form_defense_explosiveness_diff,0.016543551446822537
single__team_form_efficiency__form_defense_explosiveness_diff,test_2022,2022,form_defense_explosiveness_diff__missing,-0.0024595224998838947
single__team_form_efficiency__form_defense_ppa_diff,test_2022,2022,form_defense_ppa_diff,0.0085126632925984
single__team_form_efficiency__form_defense_ppa_diff,test_2022,2022,form_defense_ppa_diff__missing,-0.00246248843554893
single__team_form_efficiency__form_defense_successRate_diff,test_2022,2022,form_defense_successRate_diff,0.0076877621339802235
single__team_form_efficiency__form_defense_successRate_diff,test_2022,2022,form_defense_successRate_diff__missing,-0.002464364870751863
single__team_form_efficiency__form_offense_explosiveness_diff,test_2022,2022,form_offense_explosiveness_diff,-0.011077616829080286
single__team_form_efficiency__form_offense_explosiveness_diff,test_2022,2022,form_offense_explosiveness_diff__missing,-0.002460870207365478
single__team_form_efficiency__form_offense_ppa_diff,test_2022,2022,form_offense_ppa_diff,-0.01794242181305155
single__team_form_efficiency__form_offense_ppa_diff,test_2022,2022,form_offense_ppa_diff__missing,-0.002465305134837078
single__team_form_efficiency__form_offense_successRate_diff,test_2022,2022,form_offense_successRate_diff,0.006276828158023546
single__team_form_efficiency__form_offense_successRate_diff,test_2022,2022,form_offense_successRate_diff__missing,-0.002464337495986018
combined,test_2023,2023,form_offense_ppa_diff,-0.016197343964127694
combined,test_2023,2023,form_offense_ppa_diff__missing,0.0016907461372059865
combined,test_2023,2023,form_defense_ppa_diff,0.0008914821658787872
combined,test_2023,2023,form_defense_ppa_diff__missing,0.0016907461372059865
combined,test_2023,2023,form_offense_successRate_diff,0.00971418642082412
combined,test_2023,2023,form_offense_successRate_diff__missing,0.0016907461372059865
combined,test_2023,2023,form_defense_successRate_diff,0.0027239607000321023
combined,test_2023,2023,form_defense_successRate_diff__missing,0.0016907461372059865
combined,test_2023,2023,form_offense_explosiveness_diff,-0.009879510910252852
combined,test_2023,2023,form_offense_explosiveness_diff__missing,0.0016907461372059865
combined,test_2023,2023,form_defense_explosiveness_diff,0.012590262051136595
combined,test_2023,2023,form_defense_explosiveness_diff__missing,0.0016907461372059865
combined,test_2023,2023,opening_coach_tenure_seasons_diff,-0.005571852167751462
combined,test_2023,2023,opening_coach_tenure_seasons_diff__missing,0.00033569050677447073
combined,test_2023,2023,opening_first_year_coach_diff,-0.0039054739201432303
combined,test_2023,2023,opening_first_year_coach_diff__missing,0.00033569050677447073
family__coaching_context,test_2023,2023,opening_coach_tenure_seasons_diff,-0.00565126013976823
family__coaching_context,test_2023,2023,opening_coach_tenure_seasons_diff__missing,0.00037634453782913493
family__coaching_context,test_2023,2023,opening_first_year_coach_diff,-0.0038186852004914278
family__coaching_context,test_2023,2023,opening_first_year_coach_diff__missing,0.00037634453782913493
family__team_form_efficiency,test_2023,2023,form_offense_ppa_diff,-0.01613150306196878
family__team_form_efficiency,test_2023,2023,form_offense_ppa_diff__missing,0.0016989620064072663
family__team_form_efficiency,test_2023,2023,form_defense_ppa_diff,0.0009112027947377077
family__team_form_efficiency,test_2023,2023,form_defense_ppa_diff__missing,0.0016989620064072663
family__team_form_efficiency,test_2023,2023,form_offense_successRate_diff,0.009781282899956955
family__team_form_efficiency,test_2023,2023,form_offense_successRate_diff__missing,0.0016989620064072663
family__team_form_efficiency,test_2023,2023,form_defense_successRate_diff,0.0027334862179937713
family__team_form_efficiency,test_2023,2023,form_defense_successRate_diff__missing,0.0016989620064072663
family__team_form_efficiency,test_2023,2023,form_offense_explosiveness_diff,-0.009899895932402036
family__team_form_efficiency,test_2023,2023,form_offense_explosiveness_diff__missing,0.0016989620064072663
family__team_form_efficiency,test_2023,2023,form_defense_explosiveness_diff,0.012611000734381641
family__team_form_efficiency,test_2023,2023,form_defense_explosiveness_diff__missing,0.0016989620064072663
lof__without_coaching_context,test_2023,2023,form_offense_ppa_diff,-0.01613150306196878
lof__without_coaching_context,test_2023,2023,form_offense_ppa_diff__missing,0.0016989620064072663
lof__without_coaching_context,test_2023,2023,form_defense_ppa_diff,0.0009112027947377077
lof__without_coaching_context,test_2023,2023,form_defense_ppa_diff__missing,0.0016989620064072663
lof__without_coaching_context,test_2023,2023,form_offense_successRate_diff,0.009781282899956955
lof__without_coaching_context,test_2023,2023,form_offense_successRate_diff__missing,0.0016989620064072663
lof__without_coaching_context,test_2023,2023,form_defense_successRate_diff,0.0027334862179937713
lof__without_coaching_context,test_2023,2023,form_defense_successRate_diff__missing,0.0016989620064072663
lof__without_coaching_context,test_2023,2023,form_offense_explosiveness_diff,-0.009899895932402036
lof__without_coaching_context,test_2023,2023,form_offense_explosiveness_diff__missing,0.0016989620064072663
lof__without_coaching_context,test_2023,2023,form_defense_explosiveness_diff,0.012611000734381641
lof__without_coaching_context,test_2023,2023,form_defense_explosiveness_diff__missing,0.0016989620064072663
lof__without_team_form_efficiency,test_2023,2023,opening_coach_tenure_seasons_diff,-0.00565126013976823
lof__without_team_form_efficiency,test_2023,2023,opening_coach_tenure_seasons_diff__missing,0.00037634453782913493
lof__without_team_form_efficiency,test_2023,2023,opening_first_year_coach_diff,-0.0038186852004914278
lof__without_team_form_efficiency,test_2023,2023,opening_first_year_coach_diff__missing,0.00037634453782913493
single__coaching_context__opening_coach_tenure_seasons_diff,test_2023,2023,opening_coach_tenure_seasons_diff,-0.005440099338894575
single__coaching_context__opening_coach_tenure_seasons_diff,test_2023,2023,opening_coach_tenure_seasons_diff__missing,0.00037747235606312214
single__coaching_context__opening_first_year_coach_diff,test_2023,2023,opening_first_year_coach_diff,-0.0035047811235660964
single__coaching_context__opening_first_year_coach_diff,test_2023,2023,opening_first_year_coach_diff__missing,0.0003775042417410494
single__team_form_efficiency__form_defense_explosiveness_diff,test_2023,2023,form_defense_explosiveness_diff,0.012296464147432861
single__team_form_efficiency__form_defense_explosiveness_diff,test_2023,2023,form_defense_explosiveness_diff__missing,0.001812377358177522
single__team_form_efficiency__form_defense_ppa_diff,test_2023,2023,form_defense_ppa_diff,0.0014685833558435307
single__team_form_efficiency__form_defense_ppa_diff,test_2023,2023,form_defense_ppa_diff__missing,0.0018144697106752756
single__team_form_efficiency__form_defense_successRate_diff,test_2023,2023,form_defense_successRate_diff,0.003006630160976193
single__team_form_efficiency__form_defense_successRate_diff,test_2023,2023,form_defense_successRate_diff__missing,0.001813777323475057
single__team_form_efficiency__form_offense_explosiveness_diff,test_2023,2023,form_offense_explosiveness_diff,-0.009062601431039558
single__team_form_efficiency__form_offense_explosiveness_diff,test_2023,2023,form_offense_explosiveness_diff__missing,0.0018149328104506866
single__team_form_efficiency__form_offense_ppa_diff,test_2023,2023,form_offense_ppa_diff,-0.015439964869441268
single__team_form_efficiency__form_offense_ppa_diff,test_2023,2023,form_offense_ppa_diff__missing,0.0018124530608092581
single__team_form_efficiency__form_offense_successRate_diff,test_2023,2023,form_offense_successRate_diff,0.008819435196426003
single__team_form_efficiency__form_offense_successRate_diff,test_2023,2023,form_offense_successRate_diff__missing,0.0018142120096882133
combined,test_2024,2024,form_offense_ppa_diff,-0.0056183113932841075
combined,test_2024,2024,form_offense_ppa_diff__missing,0.0033206593459839243
combined,test_2024,2024,form_defense_ppa_diff,-0.000444384863947497
combined,test_2024,2024,form_defense_ppa_diff__missing,0.0033206593459839243
combined,test_2024,2024,form_offense_successRate_diff,0.00885428774657304
combined,test_2024,2024,form_offense_successRate_diff__missing,0.0033206593459839243
combined,test_2024,2024,form_defense_successRate_diff,-0.0003878744709233599
combined,test_2024,2024,form_defense_successRate_diff__missing,0.0033206593459839243
combined,test_2024,2024,form_offense_explosiveness_diff,-0.007876104169408734
combined,test_2024,2024,form_offense_explosiveness_diff__missing,0.0033206593459839243
combined,test_2024,2024,form_defense_explosiveness_diff,0.0007706736061556642
combined,test_2024,2024,form_defense_explosiveness_diff__missing,0.0033206593459839243
combined,test_2024,2024,opening_coach_tenure_seasons_diff,0.0011420230595200348
combined,test_2024,2024,opening_coach_tenure_seasons_diff__missing,0.0010010567595988896
combined,test_2024,2024,opening_first_year_coach_diff,-0.0032873704272129616
combined,test_2024,2024,opening_first_year_coach_diff__missing,0.0010010567595988896
family__coaching_context,test_2024,2024,opening_coach_tenure_seasons_diff,0.0011331104882812443
family__coaching_context,test_2024,2024,opening_coach_tenure_seasons_diff__missing,0.0010485027541119523
family__coaching_context,test_2024,2024,opening_first_year_coach_diff,-0.0033120096687357416
family__coaching_context,test_2024,2024,opening_first_year_coach_diff__missing,0.0010485027541119523
family__team_form_efficiency,test_2024,2024,form_offense_ppa_diff,-0.005627394854069285
family__team_form_efficiency,test_2024,2024,form_offense_ppa_diff__missing,0.0033255740028074196
family__team_form_efficiency,test_2024,2024,form_defense_ppa_diff,-0.0004689438569941794
family__team_form_efficiency,test_2024,2024,form_defense_ppa_diff__missing,0.0033255740028074196
family__team_form_efficiency,test_2024,2024,form_offense_successRate_diff,0.008851651368604945
family__team_form_efficiency,test_2024,2024,form_offense_successRate_diff__missing,0.0033255740028074196
family__team_form_efficiency,test_2024,2024,form_defense_successRate_diff,-0.0003949125774145402
family__team_form_efficiency,test_2024,2024,form_defense_successRate_diff__missing,0.0033255740028074196
family__team_form_efficiency,test_2024,2024,form_offense_explosiveness_diff,-0.00787957038264101
family__team_form_efficiency,test_2024,2024,form_offense_explosiveness_diff__missing,0.0033255740028074196
family__team_form_efficiency,test_2024,2024,form_defense_explosiveness_diff,0.0007503824588035884
family__team_form_efficiency,test_2024,2024,form_defense_explosiveness_diff__missing,0.0033255740028074196
lof__without_coaching_context,test_2024,2024,form_offense_ppa_diff,-0.005627394854069285
lof__without_coaching_context,test_2024,2024,form_offense_ppa_diff__missing,0.0033255740028074196
lof__without_coaching_context,test_2024,2024,form_defense_ppa_diff,-0.0004689438569941794
lof__without_coaching_context,test_2024,2024,form_defense_ppa_diff__missing,0.0033255740028074196
lof__without_coaching_context,test_2024,2024,form_offense_successRate_diff,0.008851651368604945
lof__without_coaching_context,test_2024,2024,form_offense_successRate_diff__missing,0.0033255740028074196
lof__without_coaching_context,test_2024,2024,form_defense_successRate_diff,-0.0003949125774145402
lof__without_coaching_context,test_2024,2024,form_defense_successRate_diff__missing,0.0033255740028074196
lof__without_coaching_context,test_2024,2024,form_offense_explosiveness_diff,-0.00787957038264101
lof__without_coaching_context,test_2024,2024,form_offense_explosiveness_diff__missing,0.0033255740028074196
lof__without_coaching_context,test_2024,2024,form_defense_explosiveness_diff,0.0007503824588035884
lof__without_coaching_context,test_2024,2024,form_defense_explosiveness_diff__missing,0.0033255740028074196
lof__without_team_form_efficiency,test_2024,2024,opening_coach_tenure_seasons_diff,0.0011331104882812443
lof__without_team_form_efficiency,test_2024,2024,opening_coach_tenure_seasons_diff__missing,0.0010485027541119523
lof__without_team_form_efficiency,test_2024,2024,opening_first_year_coach_diff,-0.0033120096687357416
lof__without_team_form_efficiency,test_2024,2024,opening_first_year_coach_diff__missing,0.0010485027541119523
single__coaching_context__opening_coach_tenure_seasons_diff,test_2024,2024,opening_coach_tenure_seasons_diff,0.0013119819637360563
single__coaching_context__opening_coach_tenure_seasons_diff,test_2024,2024,opening_coach_tenure_seasons_diff__missing,0.0010511733155948266
single__coaching_context__opening_first_year_coach_diff,test_2024,2024,opening_first_year_coach_diff,-0.0033735504548118088
single__coaching_context__opening_first_year_coach_diff,test_2024,2024,opening_first_year_coach_diff__missing,0.0010511552481528763
single__team_form_efficiency__form_defense_explosiveness_diff,test_2024,2024,form_defense_explosiveness_diff,0.0006095528975882646
single__team_form_efficiency__form_defense_explosiveness_diff,test_2024,2024,form_defense_explosiveness_diff__missing,0.003525767564469919
single__team_form_efficiency__form_defense_ppa_diff,test_2024,2024,form_defense_ppa_diff,-0.0006797688806623936
single__team_form_efficiency__form_defense_ppa_diff,test_2024,2024,form_defense_ppa_diff__missing,0.003526020162925717
single__team_form_efficiency__form_defense_successRate_diff,test_2024,2024,form_defense_successRate_diff,-0.0006646323911744908
single__team_form_efficiency__form_defense_successRate_diff,test_2024,2024,form_defense_successRate_diff__missing,0.003526039768789702
single__team_form_efficiency__form_offense_explosiveness_diff,test_2024,2024,form_offense_explosiveness_diff,-0.007669683509702309
single__team_form_efficiency__form_offense_explosiveness_diff,test_2024,2024,form_offense_explosiveness_diff__missing,0.0035269631697584934
single__team_form_efficiency__form_offense_ppa_diff,test_2024,2024,form_offense_ppa_diff,-0.005251892429486616
single__team_form_efficiency__form_offense_ppa_diff,test_2024,2024,form_offense_ppa_diff__missing,0.0035249069401439574
single__team_form_efficiency__form_offense_successRate_diff,test_2024,2024,form_offense_successRate_diff,0.007842169340498055
single__team_form_efficiency__form_offense_successRate_diff,test_2024,2024,form_offense_successRate_diff__missing,0.003525444062343424
combined,test_2025,2025,form_offense_ppa_diff,-0.0035280522489948415
combined,test_2025,2025,form_offense_ppa_diff__missing,0.0011265297883670331
combined,test_2025,2025,form_defense_ppa_diff,0.0010232946503571782
combined,test_2025,2025,form_defense_ppa_diff__missing,0.0011265297883670331
combined,test_2025,2025,form_offense_successRate_diff,0.008023233605415684
combined,test_2025,2025,form_offense_successRate_diff__missing,0.0011265297883670331
combined,test_2025,2025,form_defense_successRate_diff,0.00016546729474631406
combined,test_2025,2025,form_defense_successRate_diff__missing,0.0011265297883670331
combined,test_2025,2025,form_offense_explosiveness_diff,-0.007886947771304316
combined,test_2025,2025,form_offense_explosiveness_diff__missing,0.0011265297883670331
combined,test_2025,2025,form_defense_explosiveness_diff,0.00028485169937846955
combined,test_2025,2025,form_defense_explosiveness_diff__missing,0.0011265297883670331
combined,test_2025,2025,opening_coach_tenure_seasons_diff,-0.00390919753318366
combined,test_2025,2025,opening_coach_tenure_seasons_diff__missing,0.0015229248660044666
combined,test_2025,2025,opening_first_year_coach_diff,-0.005918241233404417
combined,test_2025,2025,opening_first_year_coach_diff__missing,0.0015229248660044666
family__coaching_context,test_2025,2025,opening_coach_tenure_seasons_diff,-0.0038988128309902226
family__coaching_context,test_2025,2025,opening_coach_tenure_seasons_diff__missing,0.0015384541338183805
family__coaching_context,test_2025,2025,opening_first_year_coach_diff,-0.005959948681190886
family__coaching_context,test_2025,2025,opening_first_year_coach_diff__missing,0.0015384541338183805
family__team_form_efficiency,test_2025,2025,form_offense_ppa_diff,-0.003477303369500216
family__team_form_efficiency,test_2025,2025,form_offense_ppa_diff__missing,0.0011359010673252035
family__team_form_efficiency,test_2025,2025,form_defense_ppa_diff,0.0010140349353941567
family__team_form_efficiency,test_2025,2025,form_defense_ppa_diff__missing,0.0011359010673252035
family__team_form_efficiency,test_2025,2025,form_offense_successRate_diff,0.008105584645832895
family__team_form_efficiency,test_2025,2025,form_offense_successRate_diff__missing,0.0011359010673252035
family__team_form_efficiency,test_2025,2025,form_defense_successRate_diff,0.0001767254370520027
family__team_form_efficiency,test_2025,2025,form_defense_successRate_diff__missing,0.0011359010673252035
family__team_form_efficiency,test_2025,2025,form_offense_explosiveness_diff,-0.007853933225813696
family__team_form_efficiency,test_2025,2025,form_offense_explosiveness_diff__missing,0.0011359010673252035
family__team_form_efficiency,test_2025,2025,form_defense_explosiveness_diff,0.00032474995475993186
family__team_form_efficiency,test_2025,2025,form_defense_explosiveness_diff__missing,0.0011359010673252035
lof__without_coaching_context,test_2025,2025,form_offense_ppa_diff,-0.003477303369500216
lof__without_coaching_context,test_2025,2025,form_offense_ppa_diff__missing,0.0011359010673252035
lof__without_coaching_context,test_2025,2025,form_defense_ppa_diff,0.0010140349353941567
lof__without_coaching_context,test_2025,2025,form_defense_ppa_diff__missing,0.0011359010673252035
lof__without_coaching_context,test_2025,2025,form_offense_successRate_diff,0.008105584645832895
lof__without_coaching_context,test_2025,2025,form_offense_successRate_diff__missing,0.0011359010673252035
lof__without_coaching_context,test_2025,2025,form_defense_successRate_diff,0.0001767254370520027
lof__without_coaching_context,test_2025,2025,form_defense_successRate_diff__missing,0.0011359010673252035
lof__without_coaching_context,test_2025,2025,form_offense_explosiveness_diff,-0.007853933225813696
lof__without_coaching_context,test_2025,2025,form_offense_explosiveness_diff__missing,0.0011359010673252035
lof__without_coaching_context,test_2025,2025,form_defense_explosiveness_diff,0.00032474995475993186
lof__without_coaching_context,test_2025,2025,form_defense_explosiveness_diff__missing,0.0011359010673252035
lof__without_team_form_efficiency,test_2025,2025,opening_coach_tenure_seasons_diff,-0.0038988128309902226
lof__without_team_form_efficiency,test_2025,2025,opening_coach_tenure_seasons_diff__missing,0.0015384541338183805
lof__without_team_form_efficiency,test_2025,2025,opening_first_year_coach_diff,-0.005959948681190886
lof__without_team_form_efficiency,test_2025,2025,opening_first_year_coach_diff__missing,0.0015384541338183805
single__coaching_context__opening_coach_tenure_seasons_diff,test_2025,2025,opening_coach_tenure_seasons_diff,-0.0035782304440747457
single__coaching_context__opening_coach_tenure_seasons_diff,test_2025,2025,opening_coach_tenure_seasons_diff__missing,0.001544129444876762
single__coaching_context__opening_first_year_coach_diff,test_2025,2025,opening_first_year_coach_diff,-0.005748442622521339
single__coaching_context__opening_first_year_coach_diff,test_2025,2025,opening_first_year_coach_diff__missing,0.001544301224017709
single__team_form_efficiency__form_defense_explosiveness_diff,test_2025,2025,form_defense_explosiveness_diff,0.00029109771676447534
single__team_form_efficiency__form_defense_explosiveness_diff,test_2025,2025,form_defense_explosiveness_diff__missing,0.0012011393808436803
single__team_form_efficiency__form_defense_ppa_diff,test_2025,2025,form_defense_ppa_diff,0.0008961937115471683
single__team_form_efficiency__form_defense_ppa_diff,test_2025,2025,form_defense_ppa_diff__missing,0.0012008170342964648
single__team_form_efficiency__form_defense_successRate_diff,test_2025,2025,form_defense_successRate_diff,7.64704987734324e-05
single__team_form_efficiency__form_defense_successRate_diff,test_2025,2025,form_defense_successRate_diff__missing,0.001201145239463555
single__team_form_efficiency__form_offense_explosiveness_diff,test_2025,2025,form_offense_explosiveness_diff,-0.007522920556702344
single__team_form_efficiency__form_offense_explosiveness_diff,test_2025,2025,form_offense_explosiveness_diff__missing,0.0012021719265044787
single__team_form_efficiency__form_offense_ppa_diff,test_2025,2025,form_offense_ppa_diff,-0.0031371600669622976
single__team_form_efficiency__form_offense_ppa_diff,test_2025,2025,form_offense_ppa_diff__missing,0.0012006218545637722
single__team_form_efficiency__form_offense_successRate_diff,test_2025,2025,form_offense_successRate_diff,0.007369363598184646
single__team_form_efficiency__form_offense_successRate_diff,test_2025,2025,form_offense_successRate_diff__missing,0.001200039370589008
