season,season_type,week,n_sides,n_both_present,n_exact_match,exact_match_rate,n_within_tolerance,within_tolerance_rate,mean_abs_delta,median_abs_delta,p90_abs_delta,p95_abs_delta,max_abs_delta,n_pregame_null,pregame_null_rate,n_weekly_null,weekly_null_rate,n_pregame_only,n_weekly_only,n_name_fallback_joins
2017,postseason,1,80,0,0,,0,,,,,,,0,0.0,80,1.0,80,0,0
2017,regular,1,182,0,0,,0,,,,,,,90,0.4945054945054945,182,1.0,92,0,0
2017,regular,2,142,55,55,1.0,55,1.0,0.0,0.0,0.0,0.0,0.0,50,0.352112676056338,62,0.43661971830985913,37,25,80
2017,regular,3,130,98,98,1.0,98,1.0,0.0,0.0,0.0,0.0,0.0,28,0.2153846153846154,18,0.13846153846153847,4,14,112
2017,regular,4,118,111,111,1.0,111,1.0,0.0,0.0,0.0,0.0,0.0,6,0.05084745762711865,4,0.03389830508474576,1,3,114
2017,regular,5,108,106,106,1.0,106,1.0,0.0,0.0,0.0,0.0,0.0,2,0.018518518518518517,1,0.009259259259259259,0,1,107
2017,regular,6,116,114,114,1.0,114,1.0,0.0,0.0,0.0,0.0,0.0,2,0.017241379310344827,1,0.008620689655172414,0,1,115
2017,regular,7,118,118,118,1.0,118,1.0,0.0,0.0,0.0,0.0,0.0,0,0.0,0,0.0,0,0,118
2017,regular,8,112,112,112,1.0,112,1.0,0.0,0.0,0.0,0.0,0.0,0,0.0,0,0.0,0,0,112
2017,regular,9,112,110,110,1.0,110,1.0,0.0,0.0,0.0,0.0,0.0,2,0.017857142857142856,1,0.008928571428571428,0,1,111
2017,regular,10,122,122,122,1.0,122,1.0,0.0,0.0,0.0,0.0,0.0,0,0.0,0,0.0,0,0,122
2017,regular,11,120,118,118,1.0,118,1.0,0.0,0.0,0.0,0.0,0.0,2,0.016666666666666666,1,0.008333333333333333,0,1,119
2017,regular,12,130,120,120,1.0,120,1.0,0.0,0.0,0.0,0.0,0.0,10,0.07692307692307693,5,0.038461538461538464,0,5,125
2017,regular,13,124,124,124,1.0,124,1.0,0.0,0.0,0.0,0.0,0.0,0,0.0,0,0.0,0,0,124
2017,regular,14,32,32,32,1.0,32,1.0,0.0,0.0,0.0,0.0,0.0,0,0.0,0,0.0,0,0,32
2017,regular,15,2,2,2,1.0,2,1.0,0.0,0.0,0.0,0.0,0.0,0,0.0,0,0.0,0,0,2
2018,postseason,1,78,0,0,,0,,,,,,,0,0.0,78,1.0,78,0,0
2018,regular,1,176,0,0,,0,,,,,,,84,0.4772727272727273,176,1.0,92,0,0
2018,regular,2,156,59,59,1.0,59,1.0,0.0,0.0,0.0,0.0,0.0,58,0.3717948717948718,69,0.4423076923076923,39,28,87
2018,regular,3,132,94,94,1.0,94,1.0,0.0,0.0,0.0,0.0,0.0,34,0.25757575757575757,21,0.1590909090909091,4,17,111
2018,regular,4,124,110,110,1.0,110,1.0,0.0,0.0,0.0,0.0,0.0,14,0.11290322580645161,7,0.056451612903225805,0,7,117
2018,regular,5,116,110,110,1.0,110,1.0,0.0,0.0,0.0,0.0,0.0,6,0.05172413793103448,3,0.02586206896551724,0,3,113
2018,regular,6,112,112,112,1.0,112,1.0,0.0,0.0,0.0,0.0,0.0,0,0.0,0,0.0,0,0,112
2018,regular,7,110,108,108,1.0,108,1.0,0.0,0.0,0.0,0.0,0.0,2,0.01818181818181818,1,0.00909090909090909,0,1,109
2018,regular,8,110,108,108,1.0,108,1.0,0.0,0.0,0.0,0.0,0.0,2,0.01818181818181818,1,0.00909090909090909,0,1,109
2018,regular,9,112,110,110,1.0,110,1.0,0.0,0.0,0.0,0.0,0.0,2,0.017857142857142856,1,0.008928571428571428,0,1,111
2018,regular,10,124,122,122,1.0,122,1.0,0.0,0.0,0.0,0.0,0.0,2,0.016129032258064516,1,0.008064516129032258,0,1,123
2018,regular,11,124,122,122,1.0,122,1.0,0.0,0.0,0.0,0.0,0.0,2,0.016129032258064516,1,0.008064516129032258,0,1,123
2018,regular,12,132,120,120,1.0,120,1.0,0.0,0.0,0.0,0.0,0.0,12,0.09090909090909091,6,0.045454545454545456,0,6,126
2018,regular,13,128,128,128,1.0,128,1.0,0.0,0.0,0.0,0.0,0.0,0,0.0,0,0.0,0,0,128
2018,regular,14,32,28,28,1.0,28,1.0,0.0,0.0,0.0,0.0,0.0,4,0.125,2,0.0625,0,2,30
2018,regular,15,2,2,2,1.0,2,1.0,0.0,0.0,0.0,0.0,0.0,0,0.0,0,0.0,0,0,2
2019,postseason,1,80,0,0,,0,,,,,,,0,0.0,80,1.0,80,0,0
2019,regular,1,170,0,0,,0,,,,,,,78,0.4588235294117647,170,1.0,92,0,0
2019,regular,2,148,60,60,1.0,60,1.0,0.0,0.0,0.0,0.0,0.0,56,0.3783783783783784,60,0.40540540540540543,32,28,88
2019,regular,3,136,89,89,1.0,89,1.0,0.0,0.0,0.0,0.0,0.0,40,0.29411764705882354,27,0.19852941176470587,7,20,109
2019,regular,4,116,98,98,1.0,98,1.0,0.0,0.0,0.0,0.0,0.0,18,0.15517241379310345,9,0.07758620689655173,0,9,107
2019,regular,5,110,102,102,1.0,102,1.0,0.0,0.0,0.0,0.0,0.0,8,0.07272727272727272,4,0.03636363636363636,0,4,106
2019,regular,6,96,96,96,1.0,96,1.0,0.0,0.0,0.0,0.0,0.0,0,0.0,0,0.0,0,0,96
2019,regular,7,106,104,104,1.0,104,1.0,0.0,0.0,0.0,0.0,0.0,2,0.018867924528301886,1,0.009433962264150943,0,1,105
2019,regular,8,124,122,122,1.0,122,1.0,0.0,0.0,0.0,0.0,0.0,2,0.016129032258064516,1,0.008064516129032258,0,1,123
2019,regular,9,110,110,110,1.0,110,1.0,0.0,0.0,0.0,0.0,0.0,0,0.0,0,0.0,0,0,110
2019,regular,10,96,94,94,1.0,94,1.0,0.0,0.0,0.0,0.0,0.0,2,0.020833333333333332,1,0.010416666666666666,0,1,95
2019,regular,11,96,96,96,1.0,96,1.0,0.0,0.0,0.0,0.0,0.0,0,0.0,0,0.0,0,0,96
2019,regular,12,110,102,102,1.0,102,1.0,0.0,0.0,0.0,0.0,0.0,8,0.07272727272727272,4,0.03636363636363636,0,4,106
2019,regular,13,128,116,116,1.0,116,1.0,0.0,0.0,0.0,0.0,0.0,12,0.09375,6,0.046875,0,6,122
2019,regular,14,128,128,128,1.0,128,1.0,0.0,0.0,0.0,0.0,0.0,0,0.0,0,0.0,0,0,128
2019,regular,15,22,22,22,1.0,22,1.0,0.0,0.0,0.0,0.0,0.0,0,0.0,0,0.0,0,0,22
2020,postseason,1,52,0,0,,0,,,,,,,0,0.0,52,1.0,52,0,0
2020,regular,1,18,0,0,,0,,,,,,,8,0.4444444444444444,18,1.0,10,0,0
2020,regular,2,40,4,4,1.0,4,1.0,0.0,0.0,0.0,0.0,0.0,12,0.3,36,0.9,24,0,4
2020,regular,3,40,17,17,1.0,17,1.0,0.0,0.0,0.0,0.0,0.0,10,0.25,19,0.475,13,4,21
2020,regular,4,60,29,29,1.0,29,1.0,0.0,0.0,0.0,0.0,0.0,6,0.1,28,0.4666666666666667,25,3,32
2020,regular,5,64,54,54,1.0,54,1.0,0.0,0.0,0.0,0.0,0.0,8,0.125,6,0.09375,2,4,58
2020,regular,6,58,52,52,1.0,52,1.0,0.0,0.0,0.0,0.0,0.0,4,0.06896551724137931,4,0.06896551724137931,2,2,54
2020,regular,7,56,53,53,1.0,53,1.0,0.0,0.0,0.0,0.0,0.0,2,0.03571428571428571,2,0.03571428571428571,1,1,54
2020,regular,8,94,64,64,1.0,64,1.0,0.0,0.0,0.0,0.0,0.0,6,0.06382978723404255,27,0.2872340425531915,24,3,67
2020,regular,9,86,84,84,1.0,84,1.0,0.0,0.0,0.0,0.0,0.0,0,0.0,2,0.023255813953488372,2,0,84
2020,regular,10,98,76,76,1.0,76,1.0,0.0,0.0,0.0,0.0,0.0,2,0.02040816326530612,21,0.21428571428571427,20,1,77
2020,regular,11,90,85,85,1.0,85,1.0,0.0,0.0,0.0,0.0,0.0,2,0.022222222222222223,4,0.044444444444444446,3,1,86
2020,regular,12,88,81,81,1.0,81,1.0,0.0,0.0,0.0,0.0,0.0,6,0.06818181818181818,4,0.045454545454545456,1,3,84
2020,regular,13,88,88,88,1.0,88,1.0,0.0,0.0,0.0,0.0,0.0,0,0.0,0,0.0,0,0,88
2020,regular,14,92,90,90,1.0,90,1.0,0.0,0.0,0.0,0.0,0.0,2,0.021739130434782608,1,0.010869565217391304,0,1,91
2020,regular,15,74,74,74,1.0,74,1.0,0.0,0.0,0.0,0.0,0.0,0,0.0,0,0.0,0,0,74
2020,regular,16,38,38,38,1.0,38,1.0,0.0,0.0,0.0,0.0,0.0,0,0.0,0,0.0,0,0,38
2020,spring_regular,3,2,0,0,,0,,,,,,,2,1.0,2,1.0,0,0,0
2020,spring_regular,5,2,0,0,,0,,,,,,,2,1.0,2,1.0,0,0,0
2021,postseason,1,76,0,0,,0,,,,,,,0,0.0,76,1.0,76,0,0
2021,regular,1,178,0,0,,0,,,,,,,78,0.43820224719101125,178,1.0,100,0,0
2021,regular,2,164,56,56,1.0,56,1.0,0.0,0.0,0.0,0.0,0.0,74,0.45121951219512196,71,0.4329268292682927,34,37,93
2021,regular,3,146,104,104,1.0,104,1.0,0.0,0.0,0.0,0.0,0.0,42,0.2876712328767123,21,0.14383561643835616,0,21,125
2021,regular,4,134,116,116,1.0,116,1.0,0.0,0.0,0.0,0.0,0.0,18,0.13432835820895522,9,0.06716417910447761,0,9,125
2021,regular,5,122,122,120,0.9836065573770492,120,0.9836065573770492,0.11475409836065574,0.0,0.0,0.0,7.0,0,0.0,0,0.0,0,0,122
2021,regular,6,102,102,98,0.9607843137254902,98,0.9607843137254902,0.6470588235294118,0.0,0.0,0.0,23.0,0,0.0,0,0.0,0,0,102
2021,regular,7,104,103,102,0.9902912621359223,102,0.9902912621359223,1.4951456310679612,0.0,0.0,0.0,154.0,0,0.0,1,0.009615384615384616,1,0,103
2021,regular,8,108,107,106,0.9906542056074766,106,0.9906542056074766,0.9906542056074766,0.0,0.0,0.0,106.0,1,0.009259259259259259,1,0.009259259259259259,0,0,107
2021,regular,9,106,106,106,1.0,106,1.0,0.0,0.0,0.0,0.0,0.0,0,0.0,0,0.0,0,0,106
2021,regular,10,122,120,118,0.9833333333333333,118,0.9833333333333333,3.2666666666666666,0.0,0.0,0.0,268.0,1,0.00819672131147541,2,0.01639344262295082,1,0,120
2021,regular,11,126,123,120,0.975609756097561,120,0.975609756097561,3.861788617886179,0.0,0.0,0.0,268.0,0,0.0,3,0.023809523809523808,3,0,123
2021,regular,12,132,128,124,0.96875,124,0.96875,3.625,0.0,0.0,0.0,251.0,1,0.007575757575757576,4,0.030303030303030304,3,0,128
2021,regular,13,130,130,130,1.0,130,1.0,0.0,0.0,0.0,0.0,0.0,0,0.0,0,0.0,0,0,130
2021,regular,14,22,22,22,1.0,22,1.0,0.0,0.0,0.0,0.0,0.0,0,0.0,0,0.0,0,0,22
2021,regular,15,2,2,2,1.0,2,1.0,0.0,0.0,0.0,0.0,0.0,0,0.0,0,0.0,0,0,2
2022,postseason,1,84,0,0,,0,,,,,,,0,0.0,84,1.0,84,0,0
2022,regular,1,188,0,0,,0,,,,,,,41,0.21808510638297873,188,1.0,147,0,0
2022,regular,2,164,128,91,0.7109375,93,0.7265625,5.2890625,0.0,17.0,20.0,169.0,36,0.21951219512195122,35,0.21341463414634146,0,1,129
2022,regular,3,144,122,70,0.5737704918032787,75,0.6147540983606558,4.540983606557377,0.0,18.0,23.0,35.0,22,0.1527777777777778,22,0.1527777777777778,0,0,122
2022,regular,4,132,126,97,0.7698412698412699,100,0.7936507936507936,4.523809523809524,0.0,11.0,22.0,169.0,6,0.045454545454545456,6,0.045454545454545456,0,0,126
2022,regular,5,126,120,108,0.9,111,0.925,0.875,0.0,0.0,6.0,22.0,6,0.047619047619047616,6,0.047619047619047616,0,0,120
2022,regular,6,114,114,109,0.956140350877193,110,0.9649122807017544,0.37719298245614036,0.0,0.0,0.0,13.0,0,0.0,0,0.0,0,0,114
2022,regular,7,106,104,101,0.9711538461538461,101,0.9711538461538461,0.6057692307692307,0.0,0.0,0.0,47.0,2,0.018867924528301886,2,0.018867924528301886,0,0,104
2022,regular,8,106,105,102,0.9714285714285714,102,0.9714285714285714,0.7333333333333333,0.0,0.0,0.0,47.0,1,0.009433962264150943,1,0.009433962264150943,0,0,105
2022,regular,9,96,95,93,0.9789473684210527,93,0.9789473684210527,0.5263157894736842,0.0,0.0,0.0,26.0,1,0.010416666666666666,1,0.010416666666666666,0,0,95
2022,regular,10,120,120,119,0.9916666666666667,119,0.9916666666666667,0.21666666666666667,0.0,0.0,0.0,26.0,0,0.0,0,0.0,0,0,120
2022,regular,11,130,129,128,0.9922480620155039,128,0.9922480620155039,0.14728682170542637,0.0,0.0,0.0,19.0,1,0.007692307692307693,1,0.007692307692307693,0,0,129
2022,regular,12,130,126,121,0.9603174603174603,121,0.9603174603174603,0.5873015873015873,0.0,0.0,0.0,28.0,4,0.03076923076923077,4,0.03076923076923077,0,0,126
2022,regular,13,126,126,120,0.9523809523809523,120,0.9523809523809523,0.7380952380952381,0.0,0.0,0.0,28.0,0,0.0,0,0.0,0,0,126
2022,regular,14,24,22,22,1.0,22,1.0,0.0,0.0,0.0,0.0,0.0,2,0.08333333333333333,1,0.041666666666666664,0,1,23
2022,regular,15,2,2,2,1.0,2,1.0,0.0,0.0,0.0,0.0,0.0,0,0.0,0,0.0,0,0,2
2023,postseason,1,84,0,0,,0,,,,,,,0,0.0,84,1.0,84,0,0
2023,regular,1,188,0,0,,0,,,,,,,42,0.22340425531914893,188,1.0,146,0,0
2023,regular,2,170,132,86,0.6515151515151515,87,0.6590909090909091,32.234848484848484,0.0,130.0,160.0,342.0,38,0.2235294117647059,38,0.2235294117647059,0,0,132
2023,regular,3,150,129,70,0.5426356589147286,70,0.5426356589147286,36.24031007751938,0.0,136.0,160.0,342.0,21,0.14,21,0.14,0,0,129
2023,regular,4,134,130,105,0.8076923076923077,105,0.8076923076923077,8.623076923076923,0.0,27.0,63.0,198.0,4,0.029850746268656716,4,0.029850746268656716,0,0,130
2023,regular,5,118,115,109,0.9478260869565217,109,0.9478260869565217,0.5826086956521739,0.0,0.0,2.0,21.0,3,0.025423728813559324,3,0.025423728813559324,0,0,115
2023,regular,6,102,100,96,0.96,96,0.96,0.61,0.0,0.0,0.0,34.0,2,0.0196078431372549,2,0.0196078431372549,0,0,100
2023,regular,7,110,110,110,1.0,110,1.0,0.0,0.0,0.0,0.0,0.0,0,0.0,0,0.0,0,0,110
2023,regular,8,108,108,106,0.9814814814814815,106,0.9814814814814815,0.3333333333333333,0.0,0.0,0.0,34.0,0,0.0,0,0.0,0,0,108
2023,regular,9,108,108,108,1.0,108,1.0,0.0,0.0,0.0,0.0,0.0,0,0.0,0,0.0,0,0,108
2023,regular,10,130,127,125,0.984251968503937,125,0.984251968503937,0.13385826771653545,0.0,0.0,0.0,14.0,3,0.023076923076923078,3,0.023076923076923078,0,0,127
2023,regular,11,130,129,127,0.9844961240310077,127,0.9844961240310077,0.10852713178294573,0.0,0.0,0.0,11.0,1,0.007692307692307693,1,0.007692307692307693,0,0,129
2023,regular,12,136,132,124,0.9393939393939394,124,0.9393939393939394,0.8712121212121212,0.0,0.0,10.0,29.0,4,0.029411764705882353,4,0.029411764705882353,0,0,132
2023,regular,13,130,130,126,0.9692307692307692,126,0.9692307692307692,0.5384615384615384,0.0,0.0,0.0,29.0,0,0.0,0,0.0,0,0,130
2023,regular,14,20,20,20,1.0,20,1.0,0.0,0.0,0.0,0.0,0.0,0,0.0,0,0.0,0,0,20
2023,regular,15,2,2,2,1.0,2,1.0,0.0,0.0,0.0,0.0,0.0,0,0.0,0,0.0,0,0,2
2024,postseason,1,92,0,0,,0,,,,,,,0,0.0,92,1.0,92,0,0
2024,regular,1,200,0,0,,0,,,,,,,61,0.305,200,1.0,139,0,0
2024,regular,2,156,126,98,0.7777777777777778,99,0.7857142857142857,2.5873015873015874,0.0,13.0,16.0,29.0,29,0.1858974358974359,30,0.19230769230769232,1,0,126
2024,regular,3,126,115,79,0.6869565217391305,80,0.6956521739130435,3.2695652173913046,0.0,13.0,16.0,29.0,11,0.0873015873015873,11,0.0873015873015873,0,0,115
2024,regular,4,128,118,97,0.8220338983050848,97,0.8220338983050848,1.652542372881356,0.0,6.0,13.0,29.0,10,0.078125,10,0.078125,0,0,118
2024,regular,5,112,109,96,0.8807339449541285,97,0.8899082568807339,3.5688073394495414,0.0,3.0,20.0,157.0,3,0.026785714285714284,3,0.026785714285714284,0,0,109
2024,regular,6,98,98,94,0.9591836734693877,95,0.9693877551020408,0.16326530612244897,0.0,0.0,0.0,8.0,0,0.0,0,0.0,0,0,98
2024,regular,7,104,104,103,0.9903846153846154,103,0.9903846153846154,0.19230769230769232,0.0,0.0,0.0,20.0,0,0.0,0,0.0,0,0,104
2024,regular,8,118,118,118,1.0,118,1.0,0.0,0.0,0.0,0.0,0.0,0,0.0,0,0.0,0,0,118
2024,regular,9,114,113,112,0.9911504424778761,112,0.9911504424778761,0.34513274336283184,0.0,0.0,0.0,39.0,1,0.008771929824561403,1,0.008771929824561403,0,0,113
2024,regular,10,98,97,95,0.979381443298969,95,0.979381443298969,0.4639175257731959,0.0,0.0,0.0,39.0,1,0.01020408163265306,1,0.01020408163265306,0,0,97
2024,regular,11,100,100,99,0.99,99,0.99,0.06,0.0,0.0,0.0,6.0,0,0.0,0,0.0,0,0,100
2024,regular,12,110,108,106,0.9814814814814815,106,0.9814814814814815,0.25,0.0,0.0,0.0,17.0,2,0.01818181818181818,2,0.01818181818181818,0,0,108
2024,regular,13,130,127,122,0.9606299212598425,123,0.968503937007874,0.5275590551181102,0.0,0.0,0.0,30.0,3,0.023076923076923078,3,0.023076923076923078,0,0,127
2024,regular,14,134,134,131,0.9776119402985075,132,0.9850746268656716,0.29850746268656714,0.0,0.0,0.0,30.0,0,0.0,0,0.0,0,0,134
2024,regular,15,18,18,18,1.0,18,1.0,0.0,0.0,0.0,0.0,0.0,0,0.0,0,0.0,0,0,18
2024,regular,16,2,2,2,1.0,2,1.0,0.0,0.0,0.0,0.0,0.0,0,0.0,0,0.0,0,0,2
2025,postseason,1,92,0,0,,0,,,,,,,0,0.0,92,1.0,92,0,0
2025,regular,1,192,0,0,,0,,,,,,,49,0.2552083333333333,192,1.0,143,0,0
2025,regular,2,166,133,99,0.7443609022556391,102,0.7669172932330827,2.1578947368421053,0.0,8.0,15.0,35.0,33,0.19879518072289157,33,0.19879518072289157,0,0,133
2025,regular,3,140,117,69,0.5897435897435898,74,0.6324786324786325,5.367521367521367,0.0,16.0,30.0,65.0,23,0.16428571428571428,23,0.16428571428571428,0,0,117
2025,regular,4,124,112,76,0.6785714285714286,79,0.7053571428571429,4.5625,0.0,16.0,25.0,64.0,12,0.0967741935483871,12,0.0967741935483871,0,0,112
2025,regular,5,106,104,91,0.875,92,0.8846153846153846,2.355769230769231,0.0,4.0,13.0,65.0,2,0.018867924528301886,2,0.018867924528301886,0,0,104
2025,regular,6,102,101,97,0.9603960396039604,99,0.9801980198019802,0.7128712871287128,0.0,0.0,0.0,65.0,1,0.00980392156862745,1,0.00980392156862745,0,0,101
2025,regular,7,112,112,111,0.9910714285714286,112,1.0,0.008928571428571428,0.0,0.0,0.0,1.0,0,0.0,0,0.0,0,0,112
2025,regular,8,120,119,118,0.9915966386554622,118,0.9915966386554622,0.09243697478991597,0.0,0.0,0.0,11.0,1,0.008333333333333333,1,0.008333333333333333,0,0,119
2025,regular,9,106,106,105,0.9905660377358491,106,1.0,0.009433962264150943,0.0,0.0,0.0,1.0,0,0.0,0,0.0,0,0,106
2025,regular,10,104,104,102,0.9807692307692307,103,0.9903846153846154,0.11538461538461539,0.0,0.0,0.0,11.0,0,0.0,0,0.0,0,0,104
2025,regular,11,104,103,102,0.9902912621359223,102,0.9902912621359223,0.10679611650485436,0.0,0.0,0.0,11.0,1,0.009615384615384616,1,0.009615384615384616,0,0,103
2025,regular,12,118,117,115,0.9829059829059829,115,0.9829059829059829,0.20512820512820512,0.0,0.0,0.0,13.0,1,0.00847457627118644,1,0.00847457627118644,0,0,117
2025,regular,13,128,124,120,0.967741935483871,121,0.9758064516129032,0.14516129032258066,0.0,0.0,0.0,13.0,4,0.03125,4,0.03125,0,0,124
2025,regular,14,134,134,131,0.9776119402985075,132,0.9850746268656716,0.03731343283582089,0.0,0.0,0.0,2.0,0,0.0,0,0.0,0,0,134
2025,regular,15,18,18,18,1.0,18,1.0,0.0,0.0,0.0,0.0,0.0,0,0.0,0,0.0,0,0,18
2025,regular,16,2,2,2,1.0,2,1.0,0.0,0.0,0.0,0.0,0.0,0,0.0,0,0.0,0,0,2
