variant,drop_season,mode,retrain,n,status,log_loss,brier,accuracy,delta_log_loss,delta_brier,delta_accuracy
single__home_field_advantage,2022,aggregate_existing_predictions,False,2481,ok,0.5162495461024472,0.17337987380650255,0.7299476017734784,6.933613614068523e-05,3.7936422342094156e-05,0.0004030632809350898
single__home_field_advantage,2023,aggregate_existing_predictions,False,2408,ok,0.5374256789557611,0.1816113398385627,0.7196843853820598,-7.906786688116618e-05,-3.536208669732699e-05,-0.0008305647840531893
single__home_field_advantage,2024,aggregate_existing_predictions,False,2365,ok,0.5336295851967207,0.179602205280017,0.7255813953488373,2.41820603171794e-05,1.6323152522507156e-05,-0.00042283298097245403
single__home_field_advantage,2025,aggregate_existing_predictions,False,2331,ok,0.541936576987615,0.18304751007283407,0.7138567138567139,-2.7608617949592684e-06,4.413839259392871e-06,-0.00042900042900040347
single__is_week_1,2022,aggregate_existing_predictions,False,2481,ok,0.516244181180643,0.17337096683386133,0.7307537283353487,6.397121433643349e-05,2.9029449700873622e-05,0.0012091898428053804
single__is_week_1,2023,aggregate_existing_predictions,False,2408,ok,0.5375781694410857,0.18167475273552497,0.7217607973421927,7.342261844345277e-05,2.8050810264940162e-05,0.001245847176079673
single__is_week_1,2024,aggregate_existing_predictions,False,2365,ok,0.5336779705617941,0.17961064436121446,0.7260042283298097,7.256742539063499e-05,2.476223371997155e-05,0.0
single__is_week_1,2025,aggregate_existing_predictions,False,2331,ok,0.5420486005667413,0.1830857036543593,0.7155727155727156,0.00010926271733135984,4.2607420784629424e-05,0.0012870012870013214
single__is_weeks_1_3,2022,aggregate_existing_predictions,False,2481,ok,0.5162590383929775,0.1733702566606926,0.7315598548972189,7.882842667095158e-05,2.8319276532157156e-05,0.00201531640467556
single__is_weeks_1_3,2023,aggregate_existing_predictions,False,2408,ok,0.5375422745290122,0.18166931829675237,0.7217607973421927,3.752770636988867e-05,2.261637149233997e-05,0.001245847176079673
single__is_weeks_1_3,2024,aggregate_existing_predictions,False,2365,ok,0.5337092543669154,0.17963262610284575,0.7268498942917547,0.00010385123051193101,4.674397535125996e-05,0.0008456659619450191
single__is_weeks_1_3,2025,aggregate_existing_predictions,False,2331,ok,0.5419413276805597,0.18304626806189028,0.7164307164307164,1.989831149740162e-06,3.171828315606806e-06,0.0021450021450021284
single__home_conference,2022,aggregate_existing_predictions,False,2481,ok,0.5161937891361077,0.1733505066166112,0.7311567916162838,1.3579169801158919e-05,8.56923245073915e-06,0.0016122531237404703
single__home_conference,2023,aggregate_existing_predictions,False,2408,ok,0.5374986674011993,0.1816488330664823,0.7217607973421927,-6.079421442928279e-06,2.1311412222724258e-06,0.001245847176079673
single__home_conference,2024,aggregate_existing_predictions,False,2365,ok,0.5336028586881123,0.179587697239742,0.7268498942917547,-2.544448291175172e-06,1.8151122475051906e-06,0.0008456659619450191
single__home_conference,2025,aggregate_existing_predictions,False,2331,ok,0.541925621601567,0.18304059816752974,0.7155727155727156,-1.3716247842965323e-05,-2.498066044936964e-06,0.0012870012870013214
single__away_conference,2022,aggregate_existing_predictions,False,2481,ok,0.5161787956670486,0.1733411931938437,0.7303506650544136,-1.4142992579291302e-06,-7.441903167593189e-07,0.0008061265618702906
single__away_conference,2023,aggregate_existing_predictions,False,2408,ok,0.5375127481065743,0.1816446010276006,0.720514950166113,8.001283932079772e-06,-2.100897659423895e-06,0.0
single__away_conference,2024,aggregate_existing_predictions,False,2365,ok,0.5336303403158852,0.17958918204072302,0.7251585623678647,2.4937179481709926e-05,3.299913228532736e-06,-0.0008456659619450191
single__away_conference,2025,aggregate_existing_predictions,False,2331,ok,0.5419397839375187,0.18303672969868112,0.7142857142857143,4.4608810878532523e-07,-6.366534893553766e-06,0.0
single__home_classification,2022,aggregate_existing_predictions,False,2481,ok,0.5161802099663065,0.17334193738416045,0.7295445384925433,0.0,0.0,0.0
single__home_classification,2023,aggregate_existing_predictions,False,2408,ok,0.5375047468226423,0.18164670192526003,0.720514950166113,0.0,0.0,0.0
single__home_classification,2024,aggregate_existing_predictions,False,2365,ok,0.5336054031364035,0.1795858821274945,0.7260042283298097,0.0,0.0,0.0
single__home_classification,2025,aggregate_existing_predictions,False,2331,ok,0.54193933784941,0.18304309623357468,0.7142857142857143,0.0,0.0,0.0
single__away_classification,2022,aggregate_existing_predictions,False,2481,ok,0.5161783745736563,0.1733415998190134,0.7295445384925433,-1.8353926501957218e-06,-3.375651470571839e-07,0.0
single__away_classification,2023,aggregate_existing_predictions,False,2408,ok,0.5375031621288286,0.18164643971551303,0.720514950166113,-1.584693813616589e-06,-2.622097469984208e-07,0.0
single__away_classification,2024,aggregate_existing_predictions,False,2365,ok,0.5336034407082889,0.17958535169980613,0.7260042283298097,-1.9624281145658173e-06,-5.304276883555392e-07,0.0
single__away_classification,2025,aggregate_existing_predictions,False,2331,ok,0.5419388956191812,0.1830431493892167,0.7142857142857143,-4.4223022876987983e-07,5.315564202690304e-08,0.0
single__home_entering_wins,2022,aggregate_existing_predictions,False,2481,ok,0.5161831239066921,0.17334324206950044,0.7315598548972189,2.913940385540492e-06,1.304685339986733e-06,0.00201531640467556
single__home_entering_wins,2023,aggregate_existing_predictions,False,2408,ok,0.537644900674995,0.1817041213260011,0.7230066445182725,0.00014015385235277567,5.7419400741082205e-05,0.002491694352159457
single__home_entering_wins,2024,aggregate_existing_predictions,False,2365,ok,0.5337675189575553,0.17965354220028898,0.7268498942917547,0.00016211582115177592,6.766007279448982e-05,0.0008456659619450191
single__home_entering_wins,2025,aggregate_existing_predictions,False,2331,ok,0.5420972784333629,0.18310898962408725,0.7164307164307164,0.0001579405839529091,6.589339051257803e-05,0.0021450021450021284
single__home_entering_losses,2022,aggregate_existing_predictions,False,2481,ok,0.5161219933502055,0.17332826736693582,0.7311567916162838,-5.821661610105888e-05,-1.3670017224631792e-05,0.0016122531237404703
single__home_entering_losses,2023,aggregate_existing_predictions,False,2408,ok,0.5375150332611618,0.18165402839230413,0.7209302325581395,1.0286438519524488e-05,7.3264670440997826e-06,0.00041528239202648365
single__home_entering_losses,2024,aggregate_existing_predictions,False,2365,ok,0.5333735254972486,0.17950044808642876,0.7255813953488373,-0.00023187763915488713,-8.54340410657295e-05,-0.00042283298097245403
single__home_entering_losses,2025,aggregate_existing_predictions,False,2331,ok,0.541895523618685,0.18302888625383631,0.7151437151437151,-4.381423072497004e-05,-1.4209979738361023e-05,0.0008580008580008069
single__away_entering_wins,2022,aggregate_existing_predictions,False,2481,ok,0.5161920426148531,0.17335453913057675,0.7303506650544136,1.1832648546539204e-05,1.260174641629086e-05,0.0008061265618702906
single__away_entering_wins,2023,aggregate_existing_predictions,False,2408,ok,0.5374964889142896,0.18164423227948345,0.7200996677740864,-8.257908352682364e-06,-2.469645776576046e-06,-0.00041528239202659467
single__away_entering_wins,2024,aggregate_existing_predictions,False,2365,ok,0.5336004197734324,0.17959055210049296,0.7247357293868921,-4.98336297105606e-06,4.6699729984722715e-06,-0.0012684989429175841
single__away_entering_wins,2025,aggregate_existing_predictions,False,2331,ok,0.5419570752074547,0.18305742268462605,0.7138567138567139,1.7737358044778162e-05,1.4326451051371869e-05,-0.00042900042900040347
single__away_entering_losses,2022,aggregate_existing_predictions,False,2481,ok,0.5162114810117775,0.17335559885581545,0.7307537283353487,3.127104547095971e-05,1.3661471654990986e-05,0.0012091898428053804
single__away_entering_losses,2023,aggregate_existing_predictions,False,2408,ok,0.5376300302166451,0.18169558925114548,0.7213455149501661,0.00012528339400286193,4.888732588545497e-05,0.0008305647840530783
single__away_entering_losses,2024,aggregate_existing_predictions,False,2365,ok,0.533663842537478,0.17960647849556313,0.7255813953488373,5.843940107452816e-05,2.0596368068642734e-05,-0.00042283298097245403
single__away_entering_losses,2025,aggregate_existing_predictions,False,2331,ok,0.5420504404743273,0.18308616320061794,0.7151437151437151,0.00011110262491731415,4.3066967043259297e-05,0.0008580008580008069
single__home_previous_result,2022,aggregate_existing_predictions,False,2481,ok,0.5161221032271373,0.17332013511822308,0.7299476017734784,-5.810673916928355e-05,-2.180226593737067e-05,0.0004030632809350898
single__home_previous_result,2023,aggregate_existing_predictions,False,2408,ok,0.5374885880941522,0.18163953553286014,0.720514950166113,-1.6158728490034413e-05,-7.166392399893251e-06,0.0
single__home_previous_result,2024,aggregate_existing_predictions,False,2365,ok,0.5335485848166631,0.17956099352846216,0.7264270613107823,-5.6818319740359335e-05,-2.4888599032324432e-05,0.00042283298097256505
single__home_previous_result,2025,aggregate_existing_predictions,False,2331,ok,0.5419355142941445,0.18304154312792342,0.7147147147147147,-3.823555265403122e-06,-1.553105651252995e-06,0.00042900042900040347
single__away_previous_result,2022,aggregate_existing_predictions,False,2481,ok,0.5161937934256735,0.17334526878888304,0.7311567916162838,1.3583459366972583e-05,3.331404722584086e-06,0.0016122531237404703
single__away_previous_result,2023,aggregate_existing_predictions,False,2408,ok,0.5375427760219796,0.18165798586336154,0.7209302325581395,3.802919933737492e-05,1.1283938101513957e-05,0.00041528239202648365
single__away_previous_result,2024,aggregate_existing_predictions,False,2365,ok,0.533640592676283,0.17959417786371665,0.7260042283298097,3.5189539879576515e-05,8.295736222158068e-06,0.0
single__away_previous_result,2025,aggregate_existing_predictions,False,2331,ok,0.5419943121026479,0.18305892639663643,0.716001716001716,5.497425323797156e-05,1.5830163061753e-05,0.001716001716001725
single__home_sos,2022,aggregate_existing_predictions,False,2481,ok,0.5159522966241002,0.17326811013338733,0.7315598548972189,-0.00022791334220628734,-7.382725077312302e-05,0.00201531640467556
single__home_sos,2023,aggregate_existing_predictions,False,2408,ok,0.5373831513958107,0.18158144022883588,0.7230066445182725,-0.00012159542683154445,-6.526169642415147e-05,0.002491694352159457
single__home_sos,2024,aggregate_existing_predictions,False,2365,ok,0.5332930124271954,0.17942727568669997,0.7268498942917547,-0.0003123907092080769,-0.00015860644079451758,0.0008456659619450191
single__home_sos,2025,aggregate_existing_predictions,False,2331,ok,0.5417100183107353,0.1829375072097689,0.7164307164307164,-0.00022931953867466603,-0.00010558902380577995,0.0021450021450021284
single__away_sos,2022,aggregate_existing_predictions,False,2481,ok,0.516237514428311,0.17336638457305484,0.7307537283353487,5.730446200447048e-05,2.4447188894383132e-05,0.0012091898428053804
single__away_sos,2023,aggregate_existing_predictions,False,2408,ok,0.5375452767935613,0.18165908208264966,0.7209302325581395,4.052997091907873e-05,1.2380157389635382e-05,0.00041528239202648365
single__away_sos,2024,aggregate_existing_predictions,False,2365,ok,0.5336048768219329,0.17958429023440928,0.7251585623678647,-5.263144705613954e-07,-1.591893085212126e-06,-0.0008456659619450191
single__away_sos,2025,aggregate_existing_predictions,False,2331,ok,0.5419779427320969,0.18305752248765386,0.7147147147147147,3.8604882686921194e-05,1.4426254079186185e-05,0.00042900042900040347
single__home_days_rest,2022,aggregate_existing_predictions,False,2481,ok,0.516308203174344,0.17339505639166966,0.7315598548972189,0.00012799320803746905,5.311900750920584e-05,0.00201531640467556
single__home_days_rest,2023,aggregate_existing_predictions,False,2408,ok,0.5374482149726236,0.18161618009322442,0.7213455149501661,-5.6531850018637364e-05,-3.052183203561265e-05,0.0008305647840530783
single__home_days_rest,2024,aggregate_existing_predictions,False,2365,ok,0.5336609910463711,0.17960357491908377,0.7268498942917547,5.558790996762486e-05,1.7692791589279944e-05,0.0008456659619450191
single__home_days_rest,2025,aggregate_existing_predictions,False,2331,ok,0.54200663361528,0.18306483183117067,0.7155727155727156,6.729576587005681e-05,2.1735597595995415e-05,0.0012870012870013214
single__away_days_rest,2022,aggregate_existing_predictions,False,2481,ok,0.5163046505210004,0.17339114903054867,0.7307537283353487,0.00012444055469384985,4.921164638821418e-05,0.0012091898428053804
single__away_days_rest,2023,aggregate_existing_predictions,False,2408,ok,0.537500957275969,0.18163406525154585,0.7209302325581395,-3.7895466732384975e-06,-1.2636673714178093e-05,0.00041528239202648365
single__away_days_rest,2024,aggregate_existing_predictions,False,2365,ok,0.5336247375081664,0.17959188310813975,0.7268498942917547,1.933437176293573e-05,6.000980645265441e-06,0.0008456659619450191
single__away_days_rest,2025,aggregate_existing_predictions,False,2331,ok,0.5419722875445645,0.18305038265098836,0.7142857142857143,3.2949695154549374e-05,7.286417413682189e-06,0.0
single__spread_home,2022,aggregate_existing_predictions,False,2481,ok,0.5161131007613659,0.17333654301515566,0.7315598548972189,-6.710920494068517e-05,-5.394369004790844e-06,0.00201531640467556
single__spread_home,2023,aggregate_existing_predictions,False,2408,ok,0.5375087060981897,0.18165258357034672,0.7217607973421927,3.959275547416041e-06,5.881645086691645e-06,0.001245847176079673
single__spread_home,2024,aggregate_existing_predictions,False,2365,ok,0.5335967196606641,0.17958339440996895,0.7260042283298097,-8.683475739346136e-06,-2.4877175255344497e-06,0.0
single__spread_home,2025,aggregate_existing_predictions,False,2331,ok,0.5419620790001297,0.1830508681827881,0.716001716001716,2.2741150719762793e-05,7.771949213419838e-06,0.001716001716001725
single__total,2022,aggregate_existing_predictions,False,2481,ok,0.5162016562282893,0.17335849363861508,0.7303506650544136,2.144626198274935e-05,1.655625445462494e-05,0.0008061265618702906
single__total,2023,aggregate_existing_predictions,False,2408,ok,0.5375235355821759,0.18164256499614886,0.720514950166113,1.878875953365e-05,-4.136929111164811e-06,0.0
single__total,2024,aggregate_existing_predictions,False,2365,ok,0.5335489398135042,0.17955627061138107,0.7255813953488373,-5.6463322899324986e-05,-2.9611516113414726e-05,-0.00042283298097245403
single__total,2025,aggregate_existing_predictions,False,2331,ok,0.5419479010693896,0.1830408057807787,0.7138567138567139,8.563219979662584e-06,-2.2904527959832777e-06,-0.00042900042900040347
single__line_provider_count,2022,aggregate_existing_predictions,False,2481,ok,0.5161194807885333,0.1733262990147323,0.7303506650544136,-6.0729177773222176e-05,-1.5638369428166987e-05,0.0008061265618702906
single__line_provider_count,2023,aggregate_existing_predictions,False,2408,ok,0.5374806691369682,0.18164577463870196,0.720514950166113,-2.4077685674028793e-05,-9.272865580667311e-07,0.0
single__line_provider_count,2024,aggregate_existing_predictions,False,2365,ok,0.5335489709614721,0.17956185571410616,0.7268498942917547,-5.643217493134234e-05,-2.402641338833389e-05,0.0008456659619450191
single__line_provider_count,2025,aggregate_existing_predictions,False,2331,ok,0.5419001001700581,0.18303313219471398,0.7151437151437151,-3.923767935187783e-05,-9.964038860693636e-06,0.0008580008580008069
family__site_temporal,2022,aggregate_existing_predictions,False,2481,ok,0.5163702707621232,0.1734328363362119,0.7311567916162838,0.00019006079581662672,9.08989520514436e-05,0.0016122531237404703
family__site_temporal,2023,aggregate_existing_predictions,False,2408,ok,0.537543074273224,0.1816651268478248,0.7209302325581395,3.832745058174325e-05,1.842492256476369e-05,0.00041528239202648365
family__site_temporal,2024,aggregate_existing_predictions,False,2365,ok,0.5338100203041616,0.1796724273184922,0.7255813953488373,0.00020461716775810324,8.654519099771107e-05,-0.00042283298097245403
family__site_temporal,2025,aggregate_existing_predictions,False,2331,ok,0.5420222815406651,0.18307973275813416,0.7151437151437151,8.294369125516621e-05,3.663652455948574e-05,0.0008580008580008069
family__history,2022,aggregate_existing_predictions,False,2481,ok,0.5162214690109937,0.17338889685309852,0.7315598548972189,4.1259044687214086e-05,4.695946893806813e-05,0.00201531640467556
family__history,2023,aggregate_existing_predictions,False,2408,ok,0.5376497584792047,0.18166284541336936,0.7213455149501661,0.00014501165656244375,1.6143488109326976e-05,0.0008305647840530783
family__history,2024,aggregate_existing_predictions,False,2365,ok,0.5334130637199713,0.179466632853239,0.7268498942917547,-0.00019233941643215235,-0.00011924927425549514,0.0008456659619450191
family__history,2025,aggregate_existing_predictions,False,2331,ok,0.542148593501145,0.18309930883696618,0.7155727155727156,0.0002092556517350186,5.621260339150336e-05,0.0012870012870013214
family__market_context,2022,aggregate_existing_predictions,False,2481,ok,0.5160663098132312,0.17333475190907977,0.7307537283353487,-0.0001139001530753303,-7.185475080689896e-06,0.0012091898428053804
family__market_context,2023,aggregate_existing_predictions,False,2408,ok,0.5374998248099477,0.18164652351452953,0.720514950166113,-4.922012694530409e-06,-1.78410730494738e-07,0.0
family__market_context,2024,aggregate_existing_predictions,False,2365,ok,0.5334742483195386,0.17952593452346674,0.7268498942917547,-0.00013115481686487573,-5.9947604027749124e-05,0.0008456659619450191
family__market_context,2025,aggregate_existing_predictions,False,2331,ok,0.5419219976411385,0.1830352585929613,0.7147147147147147,-1.7340208271487967e-05,-7.837640613378438e-06,0.00042900042900040347
combined,2022,aggregate_existing_predictions,False,2481,ok,0.5162363726867852,0.17344357992468387,0.7311567916162838,5.6162720478702965e-05,0.0001016425405234167,0.0016122531237404703
combined,2023,aggregate_existing_predictions,False,2408,ok,0.537702826321952,0.18169306656817963,0.7221760797342193,0.00019807949930972235,4.636464291959963e-05,0.0016611295681062677
combined,2024,aggregate_existing_predictions,False,2365,ok,0.5334685622067221,0.17948627368970047,0.7264270613107823,-0.00013684092968135886,-9.960843779402428e-05,0.00042283298097256505
combined,2025,aggregate_existing_predictions,False,2331,ok,0.542188069314723,0.18311740766838971,0.7155727155727156,0.0002487314653130124,7.431143481503866e-05,0.0012870012870013214
lof__without_site_temporal,2022,aggregate_existing_predictions,False,2481,ok,0.5161160097470923,0.17338272740511448,0.731962918178154,-6.42002192142721e-05,4.079002095402906e-05,0.00241837968561065
lof__without_site_temporal,2023,aggregate_existing_predictions,False,2408,ok,0.5376467437255401,0.1816638438696533,0.7221760797342193,0.00014199690289784517,1.7141944393284092e-05,0.0016611295681062677
lof__without_site_temporal,2024,aggregate_existing_predictions,False,2365,ok,0.5332835568110418,0.17940632805915496,0.7272727272727273,-0.00032184632536169655,-0.00017955406833952692,0.0012684989429175841
lof__without_site_temporal,2025,aggregate_existing_predictions,False,2331,ok,0.5421242568470774,0.18308879167338957,0.7164307164307164,0.00018491899766748254,4.5695439814891214e-05,0.0021450021450021284
lof__without_history,2022,aggregate_existing_predictions,False,2481,ok,0.5162595523497129,0.17342722063592128,0.7303506650544136,7.934238340634447e-05,8.528325176082596e-05,0.0008061265618702906
lof__without_history,2023,aggregate_existing_predictions,False,2408,ok,0.5375401439303412,0.1816658530205635,0.7209302325581395,3.5397107698953434e-05,1.9151095303482357e-05,0.00041528239202648365
lof__without_history,2024,aggregate_existing_predictions,False,2365,ok,0.5336832450244194,0.17961421329386423,0.7255813953488373,7.784188801596148e-05,2.8331166369743865e-05,-0.00042283298097245403
lof__without_history,2025,aggregate_existing_predictions,False,2331,ok,0.54201054856027,0.18307423969935183,0.7147147147147147,7.121071086002573e-05,3.1143465777150325e-05,0.00042900042900040347
lof__without_market_context,2022,aggregate_existing_predictions,False,2481,ok,0.5163379540495509,0.17344784666204358,0.7303506650544136,0.00015774408324431555,0.00010590927788312055,0.0008061265618702906
lof__without_market_context,2023,aggregate_existing_predictions,False,2408,ok,0.5377019364907678,0.1816903997382029,0.7213455149501661,0.0001971896681255414,4.3697812942861125e-05,0.0008305647840530783
lof__without_market_context,2024,aggregate_existing_predictions,False,2365,ok,0.5335918237277488,0.17954397309910755,0.7255813953488373,-1.357940865465146e-05,-4.190902838693833e-05,-0.00042283298097245403
lof__without_market_context,2025,aggregate_existing_predictions,False,2331,ok,0.5422046631060021,0.18312465717261936,0.7142857142857143,0.0002653252565921749,8.156093904468364e-05,0.0
