variant,slice,n,status,delta_log_loss,delta_brier,delta_accuracy
single__home_field_advantage,overall,3195,ok,3.378459480507523e-06,6.036648314361459e-06,-0.0003129890453833495
single__home_field_advantage,weeks_1_3,818,ok,0.00012509988625258872,5.222428248197186e-05,-0.0012224938875305957
single__home_field_advantage,weeks_4_plus,2377,ok,-3.85096882264957e-05,-9.85796033065034e-06,0.0
single__home_field_advantage,neutral_site,261,ok,0.00022245331247561229,0.0001387683879660595,-0.007662835249042099
single__home_field_advantage,non_neutral,2934,ok,-1.6109794313434733e-05,-5.770776378616338e-06,0.0003408316291751978
single__home_field_advantage,favorite_lt_3,476,ok,0.0002302743464210888,0.00011190546396933065,0.0021008403361344463
single__home_field_advantage,favorite_3_to_7,1019,ok,7.556617940396304e-05,2.8918173661712787e-05,-0.001962708537782132
single__home_field_advantage,favorite_gt_7,1700,ok,-0.00010342255745227069,-3.7322075556678325e-05,0.0
single__home_field_advantage,favorite_missing_spread,0,empty,,,
single__home_field_advantage,verified_espn_pickem,0,empty,,,
single__home_field_advantage,home_conference__Big Ten,413,ok,1.1360767477097689e-05,1.1706548909529157e-05,0.002421307506053294
single__home_field_advantage,home_conference__ACC,386,ok,0.00011374509884076733,6.691838464778499e-05,-0.002590673575129543
single__home_field_advantage,home_conference__SEC,372,ok,5.208542551760065e-06,-1.538277596996318e-05,0.0026881720430107503
single__is_week_1,overall,3195,ok,7.948123141665597e-05,3.103275914684289e-05,0.0009389671361502705
single__is_week_1,weeks_1_3,818,ok,0.00024133951135107967,9.981039711598472e-05,0.0024449877750611915
single__is_week_1,weeks_4_plus,2377,ok,2.378073794329083e-05,7.364224077904824e-06,0.00042069835927649457
single__is_week_1,neutral_site,261,ok,-0.00018186415854093418,-5.817474849523219e-05,-0.007662835249042099
single__is_week_1,non_neutral,2934,ok,0.00010272974770131338,3.8968396329747135e-05,0.001704158145875878
single__is_week_1,favorite_lt_3,476,ok,0.00040181997644228584,0.00019800096131955547,0.006302521008403339
single__is_week_1,favorite_3_to_7,1019,ok,4.607199006378959e-05,1.2203436702967752e-05,0.0
single__is_week_1,favorite_gt_7,1700,ok,9.25227512632576e-06,-4.43182006720777e-06,0.0
single__is_week_1,favorite_missing_spread,0,empty,,,
single__is_week_1,verified_espn_pickem,0,empty,,,
single__is_week_1,home_conference__Big Ten,413,ok,4.568286975814573e-06,2.5302461915954755e-06,0.0
single__is_week_1,home_conference__ACC,386,ok,0.00018150907883918155,8.316646746492351e-05,0.0
single__is_week_1,home_conference__SEC,372,ok,5.286250350394761e-05,9.018734985544175e-06,0.0
single__is_weeks_1_3,overall,3195,ok,5.594016693577508e-05,2.5316993337409777e-05,0.0015649452269170805
single__is_weeks_1_3,weeks_1_3,818,ok,0.0002512238354470675,0.00010674575097935346,0.004889975550122272
single__is_weeks_1_3,weeks_4_plus,2377,ok,-1.1263047554055383e-05,-2.705187458179603e-06,0.00042069835927649457
single__is_weeks_1_3,neutral_site,261,ok,0.00017505281924123928,6.788417524641877e-05,0.0
single__is_weeks_1_3,non_neutral,2934,ok,4.534425614799442e-05,2.1530342186021345e-05,0.001704158145875878
single__is_weeks_1_3,favorite_lt_3,476,ok,0.00023155393403606617,0.0001147268244585109,0.010504201680672343
single__is_weeks_1_3,favorite_3_to_7,1019,ok,4.335919266806876e-05,1.897891729324419e-05,0.0
single__is_weeks_1_3,favorite_gt_7,1700,ok,1.4309496135289645e-05,4.081357969976107e-06,0.0
single__is_weeks_1_3,favorite_missing_spread,0,empty,,,
single__is_weeks_1_3,verified_espn_pickem,0,empty,,,
single__is_weeks_1_3,home_conference__Big Ten,413,ok,0.00014076950719882353,6.189639196388375e-05,0.002421307506053294
single__is_weeks_1_3,home_conference__ACC,386,ok,0.0003326895961188736,0.0001076820202029205,0.0
single__is_weeks_1_3,home_conference__SEC,372,ok,-0.00015943934547762995,-6.955701523461699e-05,0.0026881720430107503
single__home_conference,overall,3195,ok,-1.9759541459718477e-06,2.5938239215650416e-06,0.001251956181533731
single__home_conference,weeks_1_3,818,ok,3.2438295820336194e-05,1.6705884909512525e-05,0.0024449877750611915
single__home_conference,weeks_4_plus,2377,ok,-1.3818973276125135e-05,-2.262577377648567e-06,0.0008413967185528781
single__home_conference,neutral_site,261,ok,-4.4050514655724626e-05,-6.135984961463947e-06,0.0
single__home_conference,non_neutral,2934,ok,1.7668748565347059e-06,3.370402012370377e-06,0.0013633265167006803
single__home_conference,favorite_lt_3,476,ok,0.00010916234704017036,5.3883656344899666e-05,0.010504201680672343
single__home_conference,favorite_3_to_7,1019,ok,-7.038688951688243e-07,-1.33366196011786e-06,-0.0009813542688911214
single__home_conference,favorite_gt_7,1700,ok,-3.385718134302218e-05,-9.413147913805986e-06,0.0
single__home_conference,favorite_missing_spread,0,empty,,,
single__home_conference,verified_espn_pickem,0,empty,,,
single__home_conference,home_conference__Big Ten,413,ok,3.327940706981947e-05,9.456338780300388e-06,0.0
single__home_conference,home_conference__ACC,386,ok,0.0,0.0,0.0
single__home_conference,home_conference__SEC,372,ok,-0.00015627346444313517,-2.7600682143080757e-05,0.0
single__away_conference,overall,3195,ok,7.905526980156452e-06,-1.4545013866662515e-06,0.0
single__away_conference,weeks_1_3,818,ok,4.4779317544929587e-05,8.712848143965779e-06,0.0
single__away_conference,weeks_4_plus,2377,ok,-4.783896950022459e-06,-4.953404170060516e-06,0.0
single__away_conference,neutral_site,261,ok,-0.0001464876826542394,-6.458656307214983e-05,0.0
single__away_conference,non_neutral,2934,ok,2.163989225445473e-05,4.1615409105133505e-06,0.0
single__away_conference,favorite_lt_3,476,ok,-2.313880954052383e-05,-1.1413424633177627e-05,0.004201680672268893
single__away_conference,favorite_3_to_7,1019,ok,-1.3308597891836804e-05,-8.36600258896647e-06,-0.001962708537782132
single__away_conference,favorite_gt_7,1700,ok,2.931393723221154e-05,5.476832254769359e-06,0.0
single__away_conference,favorite_missing_spread,0,empty,,,
single__away_conference,verified_espn_pickem,0,empty,,,
single__away_conference,home_conference__Big Ten,413,ok,1.9909151982189233e-05,3.3230202562684052e-06,0.0
single__away_conference,home_conference__ACC,386,ok,-1.0689122553864117e-05,-1.1638463796787013e-05,-0.002590673575129543
single__away_conference,home_conference__SEC,372,ok,-0.00010192081945126219,-3.473599444220321e-05,0.0026881720430107503
single__home_classification,overall,3195,ok,0.0,0.0,0.0
single__home_classification,weeks_1_3,818,ok,0.0,0.0,0.0
single__home_classification,weeks_4_plus,2377,ok,0.0,0.0,0.0
single__home_classification,neutral_site,261,ok,0.0,0.0,0.0
single__home_classification,non_neutral,2934,ok,0.0,0.0,0.0
single__home_classification,favorite_lt_3,476,ok,0.0,0.0,0.0
single__home_classification,favorite_3_to_7,1019,ok,0.0,0.0,0.0
single__home_classification,favorite_gt_7,1700,ok,0.0,0.0,0.0
single__home_classification,favorite_missing_spread,0,empty,,,
single__home_classification,verified_espn_pickem,0,empty,,,
single__home_classification,home_conference__Big Ten,413,ok,0.0,0.0,0.0
single__home_classification,home_conference__ACC,386,ok,0.0,0.0,0.0
single__home_classification,home_conference__SEC,372,ok,0.0,0.0,0.0
single__away_classification,overall,3195,ok,-1.464948672258437e-06,-2.712004049942873e-07,0.0
single__away_classification,weeks_1_3,818,ok,-4.484876146293448e-06,-1.0424575365985955e-06,0.0
single__away_classification,weeks_4_plus,2377,ok,-4.2569723168739415e-07,-5.786718160205595e-09,0.0
single__away_classification,neutral_site,261,ok,3.152545423046327e-06,1.1036005236886304e-06,0.0
single__away_classification,non_neutral,2934,ok,-1.8757073493302912e-06,-3.9349864713877913e-07,0.0
single__away_classification,favorite_lt_3,476,ok,-6.282970296256352e-07,-2.972656610866764e-07,0.0
single__away_classification,favorite_3_to_7,1019,ok,9.644586002055533e-07,3.7309775866023465e-07,0.0
single__away_classification,favorite_gt_7,1700,ok,-3.1554264324218373e-06,-6.501020325955231e-07,0.0
single__away_classification,favorite_missing_spread,0,empty,,,
single__away_classification,verified_espn_pickem,0,empty,,,
single__away_classification,home_conference__Big Ten,413,ok,-1.5177326509463462e-06,-1.993245579423597e-07,0.0
single__away_classification,home_conference__ACC,386,ok,-1.2984044136521433e-06,-1.4838894035751338e-07,0.0
single__away_classification,home_conference__SEC,372,ok,-5.88145833257947e-07,-6.376587946554935e-08,0.0
single__home_entering_wins,overall,3195,ok,0.00011437489627330599,4.748214989638844e-05,0.001877934272300541
single__home_entering_wins,weeks_1_3,818,ok,0.0001302444247360257,7.188105550157142e-05,0.003667481662591676
single__home_entering_wins,weeks_4_plus,2377,ok,0.00010891369548138297,3.908572381935982e-05,0.0012620950778292617
single__home_entering_wins,neutral_site,261,ok,0.0008211189605471514,0.00039245565881357303,0.0
single__home_entering_wins,non_neutral,2934,ok,5.150502552508929e-05,1.679432241605272e-05,0.002044989775051076
single__home_entering_wins,favorite_lt_3,476,ok,0.0003706194899791848,0.0001829279022881325,0.012605042016806789
single__home_entering_wins,favorite_3_to_7,1019,ok,1.257339729654472e-05,7.383019780315969e-06,0.0
single__home_entering_wins,favorite_gt_7,1700,ok,0.00010364742618718115,3.359322957274813e-05,0.0
single__home_entering_wins,favorite_missing_spread,0,empty,,,
single__home_entering_wins,verified_espn_pickem,0,empty,,,
single__home_entering_wins,home_conference__Big Ten,413,ok,0.0002089671162038842,9.458160763634038e-05,0.0
single__home_entering_wins,home_conference__ACC,386,ok,0.00027149108201773853,7.24876405856778e-05,0.002590673575129543
single__home_entering_wins,home_conference__SEC,372,ok,2.885287874210274e-05,5.268804326757914e-05,0.0
single__home_entering_losses,overall,3195,ok,-8.03533926984068e-05,-2.6233505475509178e-05,0.000625978090766921
single__home_entering_losses,weeks_1_3,818,ok,7.383155032780753e-05,5.0701248609147376e-05,-0.0012224938875305957
single__home_entering_losses,weeks_4_plus,2377,ok,-0.00013341325108939817,-5.270915917399144e-05,0.0012620950778292617
single__home_entering_losses,neutral_site,261,ok,0.00046149660316019414,0.0002043252862195255,-0.003831417624520994
single__home_entering_losses,non_neutral,2934,ok,-0.00012855477269801963,-4.674333663856611e-05,0.0010224948875254825
single__home_entering_losses,favorite_lt_3,476,ok,-5.505269592964712e-05,-3.0654715164613044e-05,0.008403361344537785
single__home_entering_losses,favorite_3_to_7,1019,ok,2.4872856876911875e-05,5.03261924897358e-06,-0.001962708537782132
single__home_entering_losses,favorite_gt_7,1700,ok,-0.00015051143974481596,-4.373684975919612e-05,0.0
single__home_entering_losses,favorite_missing_spread,0,empty,,,
single__home_entering_losses,verified_espn_pickem,0,empty,,,
single__home_entering_losses,home_conference__Big Ten,413,ok,3.05140598926279e-05,5.027604203056146e-05,0.0
single__home_entering_losses,home_conference__ACC,386,ok,7.784655181253264e-05,-1.2070312050582732e-05,-0.002590673575129543
single__home_entering_losses,home_conference__SEC,372,ok,-0.00022462125220246154,-6.489281980717743e-05,0.0
single__away_entering_wins,overall,3195,ok,4.072184236481036e-06,7.277774582259422e-06,-0.0003129890453833495
single__away_entering_wins,weeks_1_3,818,ok,4.4395184592371795e-05,2.7898788532515484e-05,0.0
single__away_entering_wins,weeks_4_plus,2377,ok,-9.804220597819935e-06,1.8143911259538292e-07,-0.00042069835927638355
single__away_entering_wins,neutral_site,261,ok,0.0002590491801887085,0.00010249678872017998,-0.003831417624520994
single__away_entering_wins,non_neutral,2934,ok,-1.8609818470904926e-05,-1.1926285159169492e-06,0.0
single__away_entering_wins,favorite_lt_3,476,ok,3.063064995101339e-05,1.4202545160768576e-05,0.0
single__away_entering_wins,favorite_3_to_7,1019,ok,0.00010476989704921724,4.609907170796679e-05,-0.0009813542688911214
single__away_entering_wins,favorite_gt_7,1700,ok,-6.372357990253041e-05,-1.7931103398011183e-05,0.0
single__away_entering_wins,favorite_missing_spread,0,empty,,,
single__away_entering_wins,verified_espn_pickem,0,empty,,,
single__away_entering_wins,home_conference__Big Ten,413,ok,-0.0001008575597462591,-2.7262789381005126e-05,0.0
single__away_entering_wins,home_conference__ACC,386,ok,0.00010238206185764209,3.111157127944075e-05,-0.002590673575129543
single__away_entering_wins,home_conference__SEC,372,ok,-2.9643055408645758e-06,1.7101728325530363e-05,0.0026881720430107503
single__away_entering_losses,overall,3195,ok,8.10073321644289e-05,3.1373427497982664e-05,0.000625978090766921
single__away_entering_losses,weeks_1_3,818,ok,0.00011874176859000274,6.525668916315674e-05,0.0012224938875305957
single__away_entering_losses,weeks_4_plus,2377,ok,6.802173309161663e-05,1.9713138039806344e-05,0.00042069835927649457
single__away_entering_losses,neutral_site,261,ok,0.000113352658565824,5.708207368562701e-05,0.0
single__away_entering_losses,non_neutral,2934,ok,7.81299871777108e-05,2.9086462039612515e-05,0.0006816632583502846
single__away_entering_losses,favorite_lt_3,476,ok,-3.74967269548554e-05,-1.8742956327200133e-05,0.004201680672268893
single__away_entering_losses,favorite_3_to_7,1019,ok,0.00014272054739195017,6.746449509723029e-05,0.0
single__away_entering_losses,favorite_gt_7,1700,ok,7.71968414725599e-05,2.377260444927365e-05,0.0
single__away_entering_losses,favorite_missing_spread,0,empty,,,
single__away_entering_losses,verified_espn_pickem,0,empty,,,
single__away_entering_losses,home_conference__Big Ten,413,ok,4.310382968247817e-05,3.783112716285175e-05,0.0
single__away_entering_losses,home_conference__ACC,386,ok,0.00014466299406523664,5.504963239860716e-05,0.0
single__away_entering_losses,home_conference__SEC,372,ok,0.00019931405522710666,8.216892184670366e-05,0.0
single__home_previous_result,overall,3195,ok,-3.4049146749426384e-05,-1.39624330385002e-05,0.0003129890453834605
single__home_previous_result,weeks_1_3,818,ok,-0.0001006262358930754,-1.2898945049744093e-05,0.0
single__home_previous_result,weeks_4_plus,2377,ok,-1.113788931583759e-05,-1.432841249784933e-05,0.00042069835927649457
single__home_previous_result,neutral_site,261,ok,-0.00019241351430221432,-3.952605561330369e-05,0.0
single__home_previous_result,non_neutral,2934,ok,-1.9961518960887048e-05,-1.1688368453610654e-05,0.0003408316291751978
single__home_previous_result,favorite_lt_3,476,ok,-9.33467333380511e-05,-4.664597416653704e-05,0.0021008403361344463
single__home_previous_result,favorite_3_to_7,1019,ok,-4.61673094976911e-05,-1.9462009568482763e-05,0.0
single__home_previous_result,favorite_gt_7,1700,ok,-1.0182053186702511e-05,-1.5145306496988642e-06,0.0
single__home_previous_result,favorite_missing_spread,0,empty,,,
single__home_previous_result,verified_espn_pickem,0,empty,,,
single__home_previous_result,home_conference__Big Ten,413,ok,-3.6617159148599754e-05,7.383401221000563e-06,0.002421307506053294
single__home_previous_result,home_conference__ACC,386,ok,-7.771105984277771e-05,-3.9991995555072046e-05,0.0
single__home_previous_result,home_conference__SEC,372,ok,-7.052649399968969e-05,-4.3927888645767244e-05,0.0
single__away_previous_result,overall,3195,ok,3.5121869672027906e-05,9.593788662221048e-06,0.0009389671361502705
single__away_previous_result,weeks_1_3,818,ok,9.377916745506587e-05,3.845241816188838e-05,0.003667481662591676
single__away_previous_result,weeks_4_plus,2377,ok,1.4936060001691231e-05,-3.3736780843951486e-07,0.0
single__away_previous_result,neutral_site,261,ok,-5.2898241568177795e-06,5.624309137225447e-06,0.0
single__away_previous_result,non_neutral,2934,ok,3.8716774951375044e-05,9.94690187150482e-06,0.0010224948875254825
single__away_previous_result,favorite_lt_3,476,ok,5.206041283112306e-05,2.5296316292777732e-05,0.006302521008403339
single__away_previous_result,favorite_3_to_7,1019,ok,-3.846598464307682e-06,-3.232618599469106e-06,0.0
single__away_previous_result,favorite_gt_7,1700,ok,5.3737235841122555e-05,1.2885380337224195e-05,0.0
single__away_previous_result,favorite_missing_spread,0,empty,,,
single__away_previous_result,verified_espn_pickem,0,empty,,,
single__away_previous_result,home_conference__Big Ten,413,ok,-4.804021609405851e-07,-9.058949694551455e-07,0.002421307506053294
single__away_previous_result,home_conference__ACC,386,ok,3.519633896209573e-05,1.5862000073252336e-05,0.0
single__away_previous_result,home_conference__SEC,372,ok,0.0001393474316992993,4.6336286361803314e-05,0.0
single__home_sos,overall,3195,ok,-0.0002223894274129279,-0.00010031797820844734,0.001877934272300541
single__home_sos,weeks_1_3,818,ok,-0.0008135709791974866,-0.0003000208039310448,0.003667481662591676
single__home_sos,weeks_4_plus,2377,ok,-1.894537635704907e-05,-3.159399358873549e-05,0.0012620950778292617
single__home_sos,neutral_site,261,ok,0.0001576750115253045,6.672398401222357e-05,0.003831417624521105
single__home_sos,non_neutral,2934,ok,-0.0002561988406926119,-0.00011517753926484908,0.001704158145875878
single__home_sos,favorite_lt_3,476,ok,-1.1274050899734434e-05,-3.5183879561473397e-06,0.012605042016806789
single__home_sos,favorite_3_to_7,1019,ok,-0.0007190578138127623,-0.00032564775192267525,0.0
single__home_sos,favorite_gt_7,1700,ok,1.620714112898769e-05,7.643453823757973e-06,0.0
single__home_sos,favorite_missing_spread,0,empty,,,
single__home_sos,verified_espn_pickem,0,empty,,,
single__home_sos,home_conference__Big Ten,413,ok,0.0010816076285396492,0.0004089262671577165,-0.002421307506053294
single__home_sos,home_conference__ACC,386,ok,-0.00015485310818341702,-6.890965076952749e-05,0.0
single__home_sos,home_conference__SEC,372,ok,0.0006755854297519348,0.00017748646690732284,0.0026881720430107503
single__away_sos,overall,3195,ok,3.4273530310491296e-05,1.2553747079091515e-05,0.0003129890453834605
single__away_sos,weeks_1_3,818,ok,0.00023647899976386721,9.099205090468132e-05,0.0012224938875305957
single__away_sos,weeks_4_plus,2377,ok,-3.5311692244355264e-05,-1.4439325083021037e-05,0.0
single__away_sos,neutral_site,261,ok,0.00011921870986242311,4.998648610740619e-05,-0.003831417624520994
single__away_sos,non_neutral,2934,ok,2.6717057282965584e-05,9.223840846533937e-06,0.0006816632583502846
single__away_sos,favorite_lt_3,476,ok,3.345220297135132e-05,1.6364552127223764e-05,0.004201680672268893
single__away_sos,favorite_3_to_7,1019,ok,3.887064685392794e-05,1.7598762537623935e-05,-0.0009813542688911214
single__away_sos,favorite_gt_7,1700,ok,3.174793622567895e-05,8.462680046644744e-06,0.0
single__away_sos,favorite_missing_spread,0,empty,,,
single__away_sos,verified_espn_pickem,0,empty,,,
single__away_sos,home_conference__Big Ten,413,ok,0.0001618029829302814,6.289158967029418e-05,0.0
single__away_sos,home_conference__ACC,386,ok,2.9623568494341335e-05,2.5818050575387996e-05,-0.002590673575129543
single__away_sos,home_conference__SEC,372,ok,0.00011542727162938693,3.671911139663253e-05,0.0026881720430107503
single__home_days_rest,overall,3195,ok,4.9009315765458084e-05,1.573300116780585e-05,0.001251956181533731
single__home_days_rest,weeks_1_3,818,ok,-6.790060717842827e-05,-3.4612412551232596e-05,0.0012224938875305957
single__home_days_rest,weeks_4_plus,2377,ok,8.924167460777621e-05,3.305843171982903e-05,0.0012620950778292617
single__home_days_rest,neutral_site,261,ok,0.00019498609590395954,4.689407574165472e-05,0.0
single__home_days_rest,non_neutral,2934,ok,3.6023651274641466e-05,1.2961003736405852e-05,0.0013633265167006803
single__home_days_rest,favorite_lt_3,476,ok,4.968278513195479e-05,2.073011324454921e-05,0.010504201680672343
single__home_days_rest,favorite_3_to_7,1019,ok,0.00022450217600533673,8.548422182716453e-05,-0.0009813542688911214
single__home_days_rest,favorite_gt_7,1700,ok,-5.637174070671769e-05,-2.7475892479533748e-05,0.0
single__home_days_rest,favorite_missing_spread,0,empty,,,
single__home_days_rest,verified_espn_pickem,0,empty,,,
single__home_days_rest,home_conference__Big Ten,413,ok,0.00011188921194649204,4.698892733265292e-05,0.002421307506053294
single__home_days_rest,home_conference__ACC,386,ok,-3.0478427420543852e-05,-3.306888246551454e-05,0.0
single__home_days_rest,home_conference__SEC,372,ok,4.1023316571742185e-05,7.430321703943976e-06,0.0026881720430107503
single__away_days_rest,overall,3195,ok,4.404207787478409e-05,1.281606078273878e-05,0.000625978090766921
single__away_days_rest,weeks_1_3,818,ok,0.00012520637164814552,5.075211636249022e-05,-0.0012224938875305957
single__away_days_rest,weeks_4_plus,2377,ok,1.6110907362976157e-05,-2.389217432230417e-07,0.0012620950778292617
single__away_days_rest,neutral_site,261,ok,0.0005696480242974866,0.00021328246483293123,-0.003831417624520994
single__away_days_rest,non_neutral,2934,ok,-2.7142793221912598e-06,-5.016840191024441e-06,0.0010224948875254825
single__away_days_rest,favorite_lt_3,476,ok,-4.025517855033023e-05,-2.2852165959874604e-05,0.006302521008403339
single__away_days_rest,favorite_3_to_7,1019,ok,0.00022429646294575,9.413765422244813e-05,-0.0009813542688911214
single__away_days_rest,favorite_gt_7,1700,ok,-4.0401289377378635e-05,-2.5941955561659125e-05,0.0
single__away_days_rest,favorite_missing_spread,0,empty,,,
single__away_days_rest,verified_espn_pickem,0,empty,,,
single__away_days_rest,home_conference__Big Ten,413,ok,0.00038805382436168934,0.00014970418617407666,0.002421307506053294
single__away_days_rest,home_conference__ACC,386,ok,-0.000411001082172735,-0.00017856428918808231,-0.002590673575129543
single__away_days_rest,home_conference__SEC,372,ok,0.00012111556979049753,4.643267889772873e-05,0.0026881720430107503
single__spread_home,overall,3195,ok,-1.2988085522747106e-05,1.3575934831866476e-06,0.001251956181533731
single__spread_home,weeks_1_3,818,ok,-0.00011847712037049707,-2.225316509693598e-05,0.004889975550122272
single__spread_home,weeks_4_plus,2377,ok,2.3313988732787116e-05,9.482793533077682e-06,0.0
single__spread_home,neutral_site,261,ok,-0.0003993351188014138,-0.00012754390829597395,0.0
single__spread_home,non_neutral,2934,ok,2.1380208848786886e-05,1.2824291494240025e-05,0.0013633265167006803
single__spread_home,favorite_lt_3,476,ok,-4.488975102845405e-05,-2.194115098452798e-05,0.008403361344537785
single__spread_home,favorite_3_to_7,1019,ok,9.895159328321412e-05,4.5149525571386295e-05,0.0
single__spread_home,favorite_gt_7,1700,ok,-7.115357959480706e-05,-1.8368157358700232e-05,0.0
single__spread_home,favorite_missing_spread,0,empty,,,
single__spread_home,verified_espn_pickem,0,empty,,,
single__spread_home,home_conference__Big Ten,413,ok,-0.00025743774192521496,-5.474166781360701e-05,0.0
single__spread_home,home_conference__ACC,386,ok,0.00015413928798724275,2.5085967224391936e-05,0.002590673575129543
single__spread_home,home_conference__SEC,372,ok,-8.239166478585247e-05,-2.020291474458258e-05,0.0026881720430107503
single__total,overall,3195,ok,-1.5778178349412642e-06,-4.61720804106891e-06,0.0
single__total,weeks_1_3,818,ok,4.6423025024167064e-05,-3.117300517746502e-06,0.0012224938875305957
single__total,weeks_4_plus,2377,ok,-1.8096408267886943e-05,-5.133373103788363e-06,-0.00042069835927638355
single__total,neutral_site,261,ok,0.00010063475186106174,8.884218723553827e-05,-0.003831417624520994
single__total,non_neutral,2934,ok,-1.0670347041052963e-05,-1.2931080626998881e-05,0.0003408316291751978
single__total,favorite_lt_3,476,ok,1.804533951577092e-05,1.0037240881166642e-05,0.0021008403361344463
single__total,favorite_3_to_7,1019,ok,3.0085000966684206e-05,1.0178166875929318e-05,-0.0009813542688911214
single__total,favorite_gt_7,1700,ok,-2.605136798661256e-05,-1.7588975527754735e-05,0.0
single__total,favorite_missing_spread,0,empty,,,
single__total,verified_espn_pickem,0,empty,,,
single__total,home_conference__Big Ten,413,ok,-0.00021593238953160343,-0.00010602204659296288,-0.002421307506053294
single__total,home_conference__ACC,386,ok,0.00045017612764819415,0.000206736314570799,0.0
single__total,home_conference__SEC,372,ok,-0.00048454395806113437,-0.00016132194698836866,0.0026881720430107503
single__line_provider_count,overall,3195,ok,-4.523456248728408e-05,-1.2632273639096026e-05,0.000625978090766921
single__line_provider_count,weeks_1_3,818,ok,-0.00010880250798389612,-2.015852967660048e-05,0.0
single__line_provider_count,weeks_4_plus,2377,ok,-2.335884544213407e-05,-1.0042253681730173e-05,0.0008413967185528781
single__line_provider_count,neutral_site,261,ok,-0.0003126451523761675,-0.00015512247379978472,0.0
single__line_provider_count,non_neutral,2934,ok,-2.144650387747582e-05,4.3234964164362566e-08,0.0006816632583502846
single__line_provider_count,favorite_lt_3,476,ok,0.00011064529201521012,5.479707838218495e-05,0.004201680672268893
single__line_provider_count,favorite_3_to_7,1019,ok,-0.000201691075084387,-9.640964580973077e-05,0.0
single__line_provider_count,favorite_gt_7,1700,ok,4.900952567721273e-06,1.8704650290163327e-05,0.0
single__line_provider_count,favorite_missing_spread,0,empty,,,
single__line_provider_count,verified_espn_pickem,0,empty,,,
single__line_provider_count,home_conference__Big Ten,413,ok,-4.065477322234834e-05,1.0700304714228448e-06,0.002421307506053294
single__line_provider_count,home_conference__ACC,386,ok,-0.0001482725655834738,-6.560069350308728e-05,0.0
single__line_provider_count,home_conference__SEC,372,ok,-0.00010109849600692389,-1.785002374865563e-05,0.0
family__site_temporal,overall,3195,ok,0.00012948301319615219,5.842114022258649e-05,0.000625978090766921
family__site_temporal,weeks_1_3,818,ok,0.0006199531567976369,0.0002567674905886719,0.0024449877750611915
family__site_temporal,weeks_4_plus,2377,ok,-3.930309427802037e-05,-9.836038826455118e-06,0.0
family__site_temporal,neutral_site,261,ok,7.164819100924369e-05,8.710421986962702e-05,-0.007662835249042099
family__site_temporal,non_neutral,2934,ok,0.00013462782866680012,5.586957792269587e-05,0.0013633265167006803
family__site_temporal,favorite_lt_3,476,ok,0.0008514168759742313,0.00041879343191358887,0.006302521008403339
family__site_temporal,favorite_3_to_7,1019,ok,0.00015818353878804814,5.658233914196398e-05,-0.0009813542688911214
family__site_temporal,favorite_gt_7,1700,ok,-8.986190107468373e-05,-4.138090245023318e-05,0.0
family__site_temporal,favorite_missing_spread,0,empty,,,
family__site_temporal,verified_espn_pickem,0,empty,,,
family__site_temporal,home_conference__Big Ten,413,ok,0.00014720854863059518,6.319616913855186e-05,-0.002421307506053294
family__site_temporal,home_conference__ACC,386,ok,0.00053930780067446,0.00021413075873841225,0.0
family__site_temporal,home_conference__SEC,372,ok,-0.00033528999070825405,-0.00011588312278013047,0.0026881720430107503
family__history,overall,3195,ok,5.0541884528243486e-05,4.576950123902357e-07,0.001251956181533731
family__history,weeks_1_3,818,ok,-0.0001771857334631477,1.1185496004095796e-05,0.003667481662591676
family__history,weeks_4_plus,2377,ok,0.00012891007616355754,-3.234076637270711e-06,0.00042069835927649457
family__history,neutral_site,261,ok,0.002013121678911989,0.0008855006036763979,0.0
family__history,non_neutral,2934,ok,-0.00012404343460403755,-7.827311588098906e-05,0.0013633265167006803
family__history,favorite_lt_3,476,ok,0.00031985755206886957,0.00014951242365773831,0.010504201680672343
family__history,favorite_3_to_7,1019,ok,-9.104810982318856e-05,-6.68109730046218e-05,-0.0009813542688911214
family__history,favorite_gt_7,1700,ok,6.000420599583389e-05,-9.559980027884496e-07,0.0
family__history,favorite_missing_spread,0,empty,,,
family__history,verified_espn_pickem,0,empty,,,
family__history,home_conference__Big Ten,413,ok,0.0017600723726883816,0.0007583536387070211,0.004842615012106588
family__history,home_conference__ACC,386,ok,4.831772319591199e-05,-0.00010071688674814783,0.0
family__history,home_conference__SEC,372,ok,0.0009803822115275196,0.00033523302349217077,0.0026881720430107503
family__market_context,overall,3195,ok,-6.729678181693899e-05,-1.8602232708359034e-05,0.000625978090766921
family__market_context,weeks_1_3,818,ok,-0.0001850967532887049,-4.6658895483442375e-05,0.0012224938875305957
family__market_context,weeks_4_plus,2377,ok,-2.6758129455073387e-05,-8.947058055458479e-06,0.00042069835927649457
family__market_context,neutral_site,261,ok,-0.0006244798071651791,-0.000199343355221121,0.0
family__market_context,non_neutral,2934,ok,-1.773142066618938e-05,-2.524034693418553e-06,0.0006816632583502846
family__market_context,favorite_lt_3,476,ok,7.970340961560574e-05,4.0885270371493476e-05,0.006302521008403339
family__market_context,favorite_3_to_7,1019,ok,-8.900819471913124e-05,-4.7824729215967254e-05,-0.0009813542688911214
family__market_context,favorite_gt_7,1700,ok,-9.54427590959539e-05,-1.77424253699765e-05,0.0
family__market_context,favorite_missing_spread,0,empty,,,
family__market_context,verified_espn_pickem,0,empty,,,
family__market_context,home_conference__Big Ten,413,ok,-0.0005337920483464709,-0.00016626899883148694,0.0
family__market_context,home_conference__ACC,386,ok,0.00044454851239750237,0.0001622945868385295,0.0
family__market_context,home_conference__SEC,372,ok,-0.0006752423817605324,-0.00020095292210980942,0.0026881720430107503
combined,overall,3195,ok,9.102549721362596e-05,3.145197729370608e-05,0.001251956181533731
combined,weeks_1_3,818,ok,0.0002465584121975062,0.00021780686723960052,0.0
combined,weeks_4_plus,2377,ok,3.750175953720625e-05,-3.2678565396987436e-05,0.0016827934371056452
combined,neutral_site,261,ok,0.0015374314244782639,0.0007850272962789673,-0.003831417624520994
combined,non_neutral,2934,ok,-3.7642514720825915e-05,-3.558386396573798e-05,0.001704158145875878
combined,favorite_lt_3,476,ok,0.001144247952382882,0.0005575314068321235,0.010504201680672343
combined,favorite_3_to_7,1019,ok,-0.00012044751926687525,-9.610368306794959e-05,-0.0009813542688911214
combined,favorite_gt_7,1700,ok,-7.71173762373345e-05,-3.939189950147304e-05,0.0
combined,favorite_missing_spread,0,empty,,,
combined,verified_espn_pickem,0,empty,,,
combined,home_conference__Big Ten,413,ok,0.001378550111217569,0.0006462386370970352,-0.002421307506053294
combined,home_conference__ACC,386,ok,0.0009227283962891519,0.00023404287866488072,0.0
combined,home_conference__SEC,372,ok,-4.275830379207868e-07,3.701390698618301e-05,0.005376344086021501
lof__without_site_temporal,overall,3195,ok,-1.538576709547712e-05,-1.8325660649798348e-05,0.001877934272300541
lof__without_site_temporal,weeks_1_3,818,ok,-0.00035497471484963183,-2.8658374622320126e-05,0.003667481662591676
lof__without_site_temporal,weeks_4_plus,2377,ok,0.00010147740466004418,-1.4769850793072692e-05,0.0012620950778292617
lof__without_site_temporal,neutral_site,261,ok,0.0012704098476356007,0.0006245905048835321,0.003831417624521105
lof__without_site_temporal,non_neutral,2934,ok,-0.00012976635858996666,-7.551758948559639e-05,0.001704158145875878
lof__without_site_temporal,favorite_lt_3,476,ok,0.000401659110140562,0.00019066104902459857,0.014705882352941235
lof__without_site_temporal,favorite_3_to_7,1019,ok,-0.00022111038159000618,-0.00013271714659698897,-0.0009813542688911214
lof__without_site_temporal,favorite_gt_7,1700,ok,-8.844578503863776e-06,-8.274336899760648e-06,0.0
lof__without_site_temporal,favorite_missing_spread,0,empty,,,
lof__without_site_temporal,verified_espn_pickem,0,empty,,,
lof__without_site_temporal,home_conference__Big Ten,413,ok,0.0012269252928447938,0.0005862018905357647,0.002421307506053294
lof__without_site_temporal,home_conference__ACC,386,ok,0.0004172435515588102,3.7025553337260986e-05,0.002590673575129543
lof__without_site_temporal,home_conference__SEC,372,ok,0.00034179832474412475,0.00014410206007128834,0.005376344086021501
lof__without_history,overall,3195,ok,6.5954399660062e-05,4.145041338554645e-05,0.0003129890453834605
lof__without_history,weeks_1_3,818,ok,0.0004378183446053785,0.0002107125576217006,0.0
lof__without_history,weeks_4_plus,2377,ok,-6.2015607477095e-05,-1.6797981223309888e-05,0.00042069835927649457
lof__without_history,neutral_site,261,ok,-0.0005427323070540391,-0.00010293169294295357,-0.007662835249042099
lof__without_history,non_neutral,2934,ok,0.00012010137663787113,5.429422039024412e-05,0.0010224948875254825
lof__without_history,favorite_lt_3,476,ok,0.0009282409347176612,0.0004577704358365575,0.0021008403361344463
lof__without_history,favorite_3_to_7,1019,ok,7.902044831142874e-05,1.4290916850900892e-05,0.0
lof__without_history,favorite_gt_7,1700,ok,-0.00018331777343572053,-5.883947115439825e-05,0.0
lof__without_history,favorite_missing_spread,0,empty,,,
lof__without_history,verified_espn_pickem,0,empty,,,
lof__without_history,home_conference__Big Ten,413,ok,-0.0003950204223111542,-0.00010636117529530531,-0.004842615012106477
lof__without_history,home_conference__ACC,386,ok,0.0009816142399105,0.0003767381803994052,-0.002590673575129543
lof__without_history,home_conference__SEC,372,ok,-0.0009928174548511914,-0.0003098099154152656,0.005376344086021501
lof__without_market_context,overall,3195,ok,0.0001515444614526018,4.788617097259418e-05,0.0003129890453834605
lof__without_market_context,weeks_1_3,818,ok,0.00042271380724534513,0.0002574560424419836,-0.0012224938875305957
lof__without_market_context,weeks_4_plus,2377,ok,5.8226613384282366e-05,-2.423337251161728e-05,0.0008413967185528781
lof__without_market_context,neutral_site,261,ok,0.0022634425033467576,0.0010345059714721438,-0.007662835249042099
lof__without_market_context,non_neutral,2934,ok,-3.6323769267987416e-05,-3.9880621096360924e-05,0.0010224948875254825
lof__without_market_context,favorite_lt_3,476,ok,0.00106510611642463,0.0005179655753863588,0.006302521008403339
lof__without_market_context,favorite_3_to_7,1019,ok,-3.3105553222112505e-06,-3.7098414824326964e-05,-0.001962708537782132
lof__without_market_context,favorite_gt_7,1700,ok,-1.1430883060936647e-05,-3.279530171790279e-05,0.0
lof__without_market_context,favorite_missing_spread,0,empty,,,
lof__without_market_context,verified_espn_pickem,0,empty,,,
lof__without_market_context,home_conference__Big Ten,413,ok,0.0019192455667026431,0.0008211859285247314,-0.002421307506053294
lof__without_market_context,home_conference__ACC,386,ok,0.000553004250531286,9.550836819990915e-05,0.0
lof__without_market_context,home_conference__SEC,372,ok,0.0006174815568039671,0.0002192937737417744,0.0026881720430107503
